"CIRCOSCRIZIONE","COLLEGIO_UNINOMINALE","DESCR_LISTA","CANDIDATO"
"PIEMONTE","PIEMONTE - U01","MASTELLA NOI DI CENTRO EUROPEISTI","PAOLA SPINOSA"
"PIEMONTE","PIEMONTE - U01","ITALEXIT PER L'ITALIA","SILVIA MARTINI"
"PIEMONTE","PIEMONTE - U01","FRATELLI D'ITALIA CON GIORGIA MELONI","MARZIA CASOLATI"
"PIEMONTE","PIEMONTE - U01","LEGA PER SALVINI PREMIER","MARZIA CASOLATI"
"PIEMONTE","PIEMONTE - U01","NOI MODERATI/LUPI - TOTI - BRUGNARO - UDC","MARZIA CASOLATI"
"PIEMONTE","PIEMONTE - U01","FORZA ITALIA","MARZIA CASOLATI"
"PIEMONTE","PIEMONTE - U01","IMPEGNO CIVICO LUIGI DI MAIO - CENTRO DEMOCRATICO","ANDREA GIORGIS"
"PIEMONTE","PIEMONTE - U01","PARTITO DEMOCRATICO - ITALIA DEMOCRATICA E PROGRESSISTA","ANDREA GIORGIS"
"PIEMONTE","PIEMONTE - U01","+EUROPA","ANDREA GIORGIS"
"PIEMONTE","PIEMONTE - U01","ALLEANZA VERDI E SINISTRA","ANDREA GIORGIS"
"PIEMONTE","PIEMONTE - U01","MOVIMENTO 5 STELLE","ALBERTO UNIA"
"PIEMONTE","PIEMONTE - U01","AZIONE - ITALIA VIVA - CALENDA","CRISTINA PEDDIS"
"PIEMONTE","PIEMONTE - U01","VITA","MARIA LUISA TOMA"
"PIEMONTE","PIEMONTE - U01","ALTERNATIVA PER L'ITALIA - NO GREEN PASS","STEFANO GRASSO"
"PIEMONTE","PIEMONTE - U01","ITALIA SOVRANA E POPOLARE","DIEGO SILVIO NOVO"
"PIEMONTE","PIEMONTE - U01","UNIONE POPOLARE CON DE MAGISTRIS","ADRIANO SCANGA"
"PIEMONTE","PIEMONTE - U02","MASTELLA NOI DI CENTRO EUROPEISTI","MAURO CASSI"
"PIEMONTE","PIEMONTE - U02","ITALEXIT PER L'ITALIA","MANUELA LATINO"
"PIEMONTE","PIEMONTE - U02","FRATELLI D'ITALIA CON GIORGIA MELONI","PAOLA AMBROGIO"
"PIEMONTE","PIEMONTE - U02","LEGA PER SALVINI PREMIER","PAOLA AMBROGIO"
"PIEMONTE","PIEMONTE - U02","NOI MODERATI/LUPI - TOTI - BRUGNARO - UDC","PAOLA AMBROGIO"
"PIEMONTE","PIEMONTE - U02","FORZA ITALIA","PAOLA AMBROGIO"
"PIEMONTE","PIEMONTE - U02","IMPEGNO CIVICO LUIGI DI MAIO - CENTRO DEMOCRATICO","ELENA APOLLONIO"
"PIEMONTE","PIEMONTE - U02","PARTITO DEMOCRATICO - ITALIA DEMOCRATICA E PROGRESSISTA","ELENA APOLLONIO"
"PIEMONTE","PIEMONTE - U02","+EUROPA","ELENA APOLLONIO"
"PIEMONTE","PIEMONTE - U02","ALLEANZA VERDI E SINISTRA","ELENA APOLLONIO"
"PIEMONTE","PIEMONTE - U02","MOVIMENTO 5 STELLE","ELISA PIRRO"
"PIEMONTE","PIEMONTE - U02","AZIONE - ITALIA VIVA - CALENDA","MICHEL BOUQUET"
"PIEMONTE","PIEMONTE - U02","VITA","ANGELA FRA"
"PIEMONTE","PIEMONTE - U02","ALTERNATIVA PER L'ITALIA - NO GREEN PASS","MARILENA FORNELLI BARDINA"
"PIEMONTE","PIEMONTE - U02","ITALIA SOVRANA E POPOLARE","CARLO DEL VECCHIO"
"PIEMONTE","PIEMONTE - U02","UNIONE POPOLARE CON DE MAGISTRIS","DANIELA ALFONZI"
"PIEMONTE","PIEMONTE - U03","MASTELLA NOI DI CENTRO EUROPEISTI","SERGIO BELTRAME"
"PIEMONTE","PIEMONTE - U03","ITALEXIT PER L'ITALIA","PAUL RENATO ROSETTE"
"PIEMONTE","PIEMONTE - U03","FRATELLI D'ITALIA CON GIORGIA MELONI","GAETANO NASTRI"
"PIEMONTE","PIEMONTE - U03","LEGA PER SALVINI PREMIER","GAETANO NASTRI"
"PIEMONTE","PIEMONTE - U03","NOI MODERATI/LUPI - TOTI - BRUGNARO - UDC","GAETANO NASTRI"
"PIEMONTE","PIEMONTE - U03","FORZA ITALIA","GAETANO NASTRI"
"PIEMONTE","PIEMONTE - U03","IMPEGNO CIVICO LUIGI DI MAIO - CENTRO DEMOCRATICO","ROSSANO PIROVANO"
"PIEMONTE","PIEMONTE - U03","PARTITO DEMOCRATICO - ITALIA DEMOCRATICA E PROGRESSISTA","ROSSANO PIROVANO"
"PIEMONTE","PIEMONTE - U03","+EUROPA","ROSSANO PIROVANO"
"PIEMONTE","PIEMONTE - U03","ALLEANZA VERDI E SINISTRA","ROSSANO PIROVANO"
"PIEMONTE","PIEMONTE - U03","MOVIMENTO 5 STELLE","LUCA ZACCHERO"
"PIEMONTE","PIEMONTE - U03","AZIONE - ITALIA VIVA - CALENDA","ROBERTO CATALDO FAGGIANO"
"PIEMONTE","PIEMONTE - U03","VITA","GALGANO PALAFERRI"
"PIEMONTE","PIEMONTE - U03","ALTERNATIVA PER L'ITALIA - NO GREEN PASS","ELEONORA VETERE"
"PIEMONTE","PIEMONTE - U03","ITALIA SOVRANA E POPOLARE","FRANCESCA BUCINO"
"PIEMONTE","PIEMONTE - U03","UNIONE POPOLARE CON DE MAGISTRIS","GABRIELE ARATI"
"PIEMONTE","PIEMONTE - U04","MASTELLA NOI DI CENTRO EUROPEISTI","DELIA LUISELLA FERRARESE"
"PIEMONTE","PIEMONTE - U04","ITALEXIT PER L'ITALIA","CHIARA CHIRIO"
"PIEMONTE","PIEMONTE - U04","FRATELLI D'ITALIA CON GIORGIA MELONI","PAOLO ZANGRILLO"
"PIEMONTE","PIEMONTE - U04","LEGA PER SALVINI PREMIER","PAOLO ZANGRILLO"
"PIEMONTE","PIEMONTE - U04","NOI MODERATI/LUPI - TOTI - BRUGNARO - UDC","PAOLO ZANGRILLO"
"PIEMONTE","PIEMONTE - U04","FORZA ITALIA","PAOLO ZANGRILLO"
"PIEMONTE","PIEMONTE - U04","IMPEGNO CIVICO LUIGI DI MAIO - CENTRO DEMOCRATICO","MARIA RITA ROSSA"
"PIEMONTE","PIEMONTE - U04","PARTITO DEMOCRATICO - ITALIA DEMOCRATICA E PROGRESSISTA","MARIA RITA ROSSA"
"PIEMONTE","PIEMONTE - U04","+EUROPA","MARIA RITA ROSSA"
"PIEMONTE","PIEMONTE - U04","ALLEANZA VERDI E SINISTRA","MARIA RITA ROSSA"
"PIEMONTE","PIEMONTE - U04","MOVIMENTO 5 STELLE","MARIASSUNTA MATRISCIANO DETTA SUSY"
"PIEMONTE","PIEMONTE - U04","AZIONE - ITALIA VIVA - CALENDA","ANNA BRACCO"
"PIEMONTE","PIEMONTE - U04","VITA","GIUSEPPA COSTANTINO"
"PIEMONTE","PIEMONTE - U04","ALTERNATIVA PER L'ITALIA - NO GREEN PASS","LUIGI SALVANESCHI"
"PIEMONTE","PIEMONTE - U04","ITALIA SOVRANA E POPOLARE","FULVIO GRIMALDI"
"PIEMONTE","PIEMONTE - U04","UNIONE POPOLARE CON DE MAGISTRIS","MANRICA BURI"
"PIEMONTE","PIEMONTE - U05","MASTELLA NOI DI CENTRO EUROPEISTI","GIOVANNI FREZZATO"
"PIEMONTE","PIEMONTE - U05","ITALEXIT PER L'ITALIA","DAVIDE GALLO"
"PIEMONTE","PIEMONTE - U05","FRATELLI D'ITALIA CON GIORGIA MELONI","GIORGIO MARIA BERGESIO"
"PIEMONTE","PIEMONTE - U05","LEGA PER SALVINI PREMIER","GIORGIO MARIA BERGESIO"
"PIEMONTE","PIEMONTE - U05","NOI MODERATI/LUPI - TOTI - BRUGNARO - UDC","GIORGIO MARIA BERGESIO"
"PIEMONTE","PIEMONTE - U05","FORZA ITALIA","GIORGIO MARIA BERGESIO"
"PIEMONTE","PIEMONTE - U05","IMPEGNO CIVICO LUIGI DI MAIO - CENTRO DEMOCRATICO","FIAMMETTA ROSSO"
"PIEMONTE","PIEMONTE - U05","PARTITO DEMOCRATICO - ITALIA DEMOCRATICA E PROGRESSISTA","FIAMMETTA ROSSO"
"PIEMONTE","PIEMONTE - U05","+EUROPA","FIAMMETTA ROSSO"
"PIEMONTE","PIEMONTE - U05","ALLEANZA VERDI E SINISTRA","FIAMMETTA ROSSO"
"PIEMONTE","PIEMONTE - U05","MOVIMENTO 5 STELLE","ROBERTO FALCONE"
"PIEMONTE","PIEMONTE - U05","AZIONE - ITALIA VIVA - CALENDA","VINCENZO PELLEGRINO"
"PIEMONTE","PIEMONTE - U05","VITA","ALESSANDRO GUASTELLA"
"PIEMONTE","PIEMONTE - U05","ALTERNATIVA PER L'ITALIA - NO GREEN PASS","LOREDANA NINETTI"
"PIEMONTE","PIEMONTE - U05","ITALIA SOVRANA E POPOLARE","SONIA GRIECO"
"PIEMONTE","PIEMONTE - U05","UNIONE POPOLARE CON DE MAGISTRIS","MICHELE BARACCO"
"LOMBARDIA","LOMBARDIA - U01","+EUROPA","ORLANDO VIVALDO RINALDI"
"LOMBARDIA","LOMBARDIA - U01","IMPEGNO CIVICO LUIGI DI MAIO - CENTRO DEMOCRATICO","ORLANDO VIVALDO RINALDI"
"LOMBARDIA","LOMBARDIA - U01","ALLEANZA VERDI E SINISTRA","ORLANDO VIVALDO RINALDI"
"LOMBARDIA","LOMBARDIA - U01","PARTITO DEMOCRATICO - ITALIA DEMOCRATICA E PROGRESSISTA","ORLANDO VIVALDO RINALDI"
"LOMBARDIA","LOMBARDIA - U01","MASTELLA NOI DI CENTRO EUROPEISTI","VINCENZO DONNARUMMA"
"LOMBARDIA","LOMBARDIA - U01","NOI MODERATI/LUPI - TOTI - BRUGNARO - UDC","MASSIMILIANO ROMEO"
"LOMBARDIA","LOMBARDIA - U01","LEGA PER SALVINI PREMIER","MASSIMILIANO ROMEO"
"LOMBARDIA","LOMBARDIA - U01","FRATELLI D'ITALIA CON GIORGIA MELONI","MASSIMILIANO ROMEO"
"LOMBARDIA","LOMBARDIA - U01","FORZA ITALIA","MASSIMILIANO ROMEO"
"LOMBARDIA","LOMBARDIA - U01","ITALIA SOVRANA E POPOLARE","EMANUELA BRUNA GUGGIOLA PASOLINI"
"LOMBARDIA","LOMBARDIA - U01","MOVIMENTO 5 STELLE","FRANCESCA BONOLDI"
"LOMBARDIA","LOMBARDIA - U01","ITALEXIT PER L'ITALIA","SONIA SIGURTA'"
"LOMBARDIA","LOMBARDIA - U01","AZIONE - ITALIA VIVA - CALENDA","GIUSEPPINA VERSACE DETTA GIUSY"
"LOMBARDIA","LOMBARDIA - U01","UNIONE POPOLARE CON DE MAGISTRIS","ANNA MARIA LURIDIANA"
"LOMBARDIA","LOMBARDIA - U01","VITA","ANDREA TRONCONI"
"LOMBARDIA","LOMBARDIA - U02","+EUROPA","CONCETTA AURORA LONGO"
"LOMBARDIA","LOMBARDIA - U02","IMPEGNO CIVICO LUIGI DI MAIO - CENTRO DEMOCRATICO","CONCETTA AURORA LONGO"
"LOMBARDIA","LOMBARDIA - U02","ALLEANZA VERDI E SINISTRA","CONCETTA AURORA LONGO"
"LOMBARDIA","LOMBARDIA - U02","PARTITO DEMOCRATICO - ITALIA DEMOCRATICA E PROGRESSISTA","CONCETTA AURORA LONGO"
"LOMBARDIA","LOMBARDIA - U02","MASTELLA NOI DI CENTRO EUROPEISTI","LISA MOLTENI"
"LOMBARDIA","LOMBARDIA - U02","NOI MODERATI/LUPI - TOTI - BRUGNARO - UDC","LICIA RONZULLI"
"LOMBARDIA","LOMBARDIA - U02","LEGA PER SALVINI PREMIER","LICIA RONZULLI"
"LOMBARDIA","LOMBARDIA - U02","FRATELLI D'ITALIA CON GIORGIA MELONI","LICIA RONZULLI"
"LOMBARDIA","LOMBARDIA - U02","FORZA ITALIA","LICIA RONZULLI"
"LOMBARDIA","LOMBARDIA - U02","ITALIA SOVRANA E POPOLARE","LEONARDA MARIA BARBAROTTA"
"LOMBARDIA","LOMBARDIA - U02","MOVIMENTO 5 STELLE","TOMMASO LEONI"
"LOMBARDIA","LOMBARDIA - U02","ITALEXIT PER L'ITALIA","ROBERTO MAGGI"
"LOMBARDIA","LOMBARDIA - U02","AZIONE - ITALIA VIVA - CALENDA","GIUSEPPE CONTI"
"LOMBARDIA","LOMBARDIA - U02","UNIONE POPOLARE CON DE MAGISTRIS","PIERLUIGI TAVECCHIO"
"LOMBARDIA","LOMBARDIA - U02","VITA","MARZIA DEL PAPA"
"LOMBARDIA","LOMBARDIA - U06","+EUROPA","FEDERICA PERELLI"
"LOMBARDIA","LOMBARDIA - U06","IMPEGNO CIVICO LUIGI DI MAIO - CENTRO DEMOCRATICO","FEDERICA PERELLI"
"LOMBARDIA","LOMBARDIA - U06","ALLEANZA VERDI E SINISTRA","FEDERICA PERELLI"
"LOMBARDIA","LOMBARDIA - U06","PARTITO DEMOCRATICO - ITALIA DEMOCRATICA E PROGRESSISTA","FEDERICA PERELLI"
"LOMBARDIA","LOMBARDIA - U06","MASTELLA NOI DI CENTRO EUROPEISTI","MARIA VIVOLO"
"LOMBARDIA","LOMBARDIA - U06","NOI MODERATI/LUPI - TOTI - BRUGNARO - UDC","SILVIO BERLUSCONI"
"LOMBARDIA","LOMBARDIA - U06","LEGA PER SALVINI PREMIER","SILVIO BERLUSCONI"
"LOMBARDIA","LOMBARDIA - U06","FRATELLI D'ITALIA CON GIORGIA MELONI","SILVIO BERLUSCONI"
"LOMBARDIA","LOMBARDIA - U06","FORZA ITALIA","SILVIO BERLUSCONI"
"LOMBARDIA","LOMBARDIA - U06","ITALIA SOVRANA E POPOLARE","MARTINO PIROZZI"
"LOMBARDIA","LOMBARDIA - U06","MOVIMENTO 5 STELLE","BRUNO MARTON"
"LOMBARDIA","LOMBARDIA - U06","ITALEXIT PER L'ITALIA","FABIO MERONI"
"LOMBARDIA","LOMBARDIA - U06","AZIONE - ITALIA VIVA - CALENDA","FABIO GIOVANNI CARMELO ALBANESE"
"LOMBARDIA","LOMBARDIA - U06","UNIONE POPOLARE CON DE MAGISTRIS","ANITA GIURIATO"
"LOMBARDIA","LOMBARDIA - U06","VITA","CATERINA PAGLIARI"
"LOMBARDIA","LOMBARDIA - U03","+EUROPA","ANTONIO MISIANI"
"LOMBARDIA","LOMBARDIA - U03","IMPEGNO CIVICO LUIGI DI MAIO - CENTRO DEMOCRATICO","ANTONIO MISIANI"
"LOMBARDIA","LOMBARDIA - U03","ALLEANZA VERDI E SINISTRA","ANTONIO MISIANI"
"LOMBARDIA","LOMBARDIA - U03","PARTITO DEMOCRATICO - ITALIA DEMOCRATICA E PROGRESSISTA","ANTONIO MISIANI"
"LOMBARDIA","LOMBARDIA - U03","MASTELLA NOI DI CENTRO EUROPEISTI","MASSIMO PICOZZI"
"LOMBARDIA","LOMBARDIA - U03","NOI MODERATI/LUPI - TOTI - BRUGNARO - UDC","MARIA CRISTINA CANTU'"
"LOMBARDIA","LOMBARDIA - U03","LEGA PER SALVINI PREMIER","MARIA CRISTINA CANTU'"
"LOMBARDIA","LOMBARDIA - U03","FRATELLI D'ITALIA CON GIORGIA MELONI","MARIA CRISTINA CANTU'"
"LOMBARDIA","LOMBARDIA - U03","FORZA ITALIA","MARIA CRISTINA CANTU'"
"LOMBARDIA","LOMBARDIA - U03","ITALIA SOVRANA E POPOLARE","CLAUDIO SIGNORE"
"LOMBARDIA","LOMBARDIA - U03","MOVIMENTO 5 STELLE","EUGENIO CASALINO"
"LOMBARDIA","LOMBARDIA - U03","ITALEXIT PER L'ITALIA","GIANLUCA LUCIANO"
"LOMBARDIA","LOMBARDIA - U03","AZIONE - ITALIA VIVA - CALENDA","IVAN SCALFAROTTO"
"LOMBARDIA","LOMBARDIA - U03","UNIONE POPOLARE CON DE MAGISTRIS","ALESSANDRO  LANZANI"
"LOMBARDIA","LOMBARDIA - U03","VITA","GIANCARLO INCERRANO"
"LOMBARDIA","LOMBARDIA - U04","+EUROPA","EMANUELE FIANO"
"LOMBARDIA","LOMBARDIA - U04","IMPEGNO CIVICO LUIGI DI MAIO - CENTRO DEMOCRATICO","EMANUELE FIANO"
"LOMBARDIA","LOMBARDIA - U04","ALLEANZA VERDI E SINISTRA","EMANUELE FIANO"
"LOMBARDIA","LOMBARDIA - U04","PARTITO DEMOCRATICO - ITALIA DEMOCRATICA E PROGRESSISTA","EMANUELE FIANO"
"LOMBARDIA","LOMBARDIA - U04","MASTELLA NOI DI CENTRO EUROPEISTI","MAURIZIO CORRENTI"
"LOMBARDIA","LOMBARDIA - U04","NOI MODERATI/LUPI - TOTI - BRUGNARO - UDC","ISABELLA RAUTI"
"LOMBARDIA","LOMBARDIA - U04","LEGA PER SALVINI PREMIER","ISABELLA RAUTI"
"LOMBARDIA","LOMBARDIA - U04","FRATELLI D'ITALIA CON GIORGIA MELONI","ISABELLA RAUTI"
"LOMBARDIA","LOMBARDIA - U04","FORZA ITALIA","ISABELLA RAUTI"
"LOMBARDIA","LOMBARDIA - U04","ITALIA SOVRANA E POPOLARE","ALBERTO VALLICELLI"
"LOMBARDIA","LOMBARDIA - U04","MOVIMENTO 5 STELLE","ELENA SIRONI"
"LOMBARDIA","LOMBARDIA - U04","ITALEXIT PER L'ITALIA","SAMANTHA MAZZA"
"LOMBARDIA","LOMBARDIA - U04","AZIONE - ITALIA VIVA - CALENDA","TIZIANA DEMMA"
"LOMBARDIA","LOMBARDIA - U04","UNIONE POPOLARE CON DE MAGISTRIS","NADIA ROSA"
"LOMBARDIA","LOMBARDIA - U04","VITA","GIANNI GEMMA"
"LOMBARDIA","LOMBARDIA - U05","+EUROPA","ADRIANA ALBINI"
"LOMBARDIA","LOMBARDIA - U05","IMPEGNO CIVICO LUIGI DI MAIO - CENTRO DEMOCRATICO","ADRIANA ALBINI"
"LOMBARDIA","LOMBARDIA - U05","ALLEANZA VERDI E SINISTRA","ADRIANA ALBINI"
"LOMBARDIA","LOMBARDIA - U05","PARTITO DEMOCRATICO - ITALIA DEMOCRATICA E PROGRESSISTA","ADRIANA ALBINI"
"LOMBARDIA","LOMBARDIA - U05","MASTELLA NOI DI CENTRO EUROPEISTI","SAMANTHA DEPONTI"
"LOMBARDIA","LOMBARDIA - U05","NOI MODERATI/LUPI - TOTI - BRUGNARO - UDC","IGNAZIO BENITO MARIA LA RUSSA"
"LOMBARDIA","LOMBARDIA - U05","LEGA PER SALVINI PREMIER","IGNAZIO BENITO MARIA LA RUSSA"
"LOMBARDIA","LOMBARDIA - U05","FRATELLI D'ITALIA CON GIORGIA MELONI","IGNAZIO BENITO MARIA LA RUSSA"
"LOMBARDIA","LOMBARDIA - U05","FORZA ITALIA","IGNAZIO BENITO MARIA LA RUSSA"
"LOMBARDIA","LOMBARDIA - U05","ITALIA SOVRANA E POPOLARE","ALDA MARINI"
"LOMBARDIA","LOMBARDIA - U05","MOVIMENTO 5 STELLE","PAOLA PIZZIGHINI"
"LOMBARDIA","LOMBARDIA - U05","ITALEXIT PER L'ITALIA","GIULIA GHETTI"
"LOMBARDIA","LOMBARDIA - U05","AZIONE - ITALIA VIVA - CALENDA","MARCO MALINVERNO"
"LOMBARDIA","LOMBARDIA - U05","UNIONE POPOLARE CON DE MAGISTRIS","SARA MARIA MASTRONICOLA"
"LOMBARDIA","LOMBARDIA - U05","VITA","GIUSEPPE MARZAGALLI"
"LOMBARDIA","LOMBARDIA - U10","+EUROPA","VALERIO FEDERICO"
"LOMBARDIA","LOMBARDIA - U10","IMPEGNO CIVICO LUIGI DI MAIO - CENTRO DEMOCRATICO","VALERIO FEDERICO"
"LOMBARDIA","LOMBARDIA - U10","ALLEANZA VERDI E SINISTRA","VALERIO FEDERICO"
"LOMBARDIA","LOMBARDIA - U10","PARTITO DEMOCRATICO - ITALIA DEMOCRATICA E PROGRESSISTA","VALERIO FEDERICO"
"LOMBARDIA","LOMBARDIA - U10","MASTELLA NOI DI CENTRO EUROPEISTI","FABRIZIO CALEFFI"
"LOMBARDIA","LOMBARDIA - U10","NOI MODERATI/LUPI - TOTI - BRUGNARO - UDC","GIAN MARCO CENTINAIO"
"LOMBARDIA","LOMBARDIA - U10","LEGA PER SALVINI PREMIER","GIAN MARCO CENTINAIO"
"LOMBARDIA","LOMBARDIA - U10","FRATELLI D'ITALIA CON GIORGIA MELONI","GIAN MARCO CENTINAIO"
"LOMBARDIA","LOMBARDIA - U10","FORZA ITALIA","GIAN MARCO CENTINAIO"
"LOMBARDIA","LOMBARDIA - U10","ITALIA SOVRANA E POPOLARE","BIANCA MARIA GIORLA"
"LOMBARDIA","LOMBARDIA - U10","MOVIMENTO 5 STELLE","SILVIA BALDINA"
"LOMBARDIA","LOMBARDIA - U10","ITALEXIT PER L'ITALIA","ELEONORA TEMPESTA"
"LOMBARDIA","LOMBARDIA - U10","AZIONE - ITALIA VIVA - CALENDA","FRANCESCA ZANCHI"
"LOMBARDIA","LOMBARDIA - U10","UNIONE POPOLARE CON DE MAGISTRIS","FRANCO ROSSI"
"LOMBARDIA","LOMBARDIA - U10","VITA","FULVIA PEZZINI"
"LOMBARDIA","LOMBARDIA - U07","+EUROPA","GIACOMO ANGELONI"
"LOMBARDIA","LOMBARDIA - U07","IMPEGNO CIVICO LUIGI DI MAIO - CENTRO DEMOCRATICO","GIACOMO ANGELONI"
"LOMBARDIA","LOMBARDIA - U07","ALLEANZA VERDI E SINISTRA","GIACOMO ANGELONI"
"LOMBARDIA","LOMBARDIA - U07","PARTITO DEMOCRATICO - ITALIA DEMOCRATICA E PROGRESSISTA","GIACOMO ANGELONI"
"LOMBARDIA","LOMBARDIA - U07","MASTELLA NOI DI CENTRO EUROPEISTI","ELENA ZOPPI"
"LOMBARDIA","LOMBARDIA - U07","NOI MODERATI/LUPI - TOTI - BRUGNARO - UDC","DAISY PIROVANO"
"LOMBARDIA","LOMBARDIA - U07","LEGA PER SALVINI PREMIER","DAISY PIROVANO"
"LOMBARDIA","LOMBARDIA - U07","FRATELLI D'ITALIA CON GIORGIA MELONI","DAISY PIROVANO"
"LOMBARDIA","LOMBARDIA - U07","FORZA ITALIA","DAISY PIROVANO"
"LOMBARDIA","LOMBARDIA - U07","ITALIA SOVRANA E POPOLARE","PAOLO BIANCHINI"
"LOMBARDIA","LOMBARDIA - U07","MOVIMENTO 5 STELLE","SABINA LUPO"
"LOMBARDIA","LOMBARDIA - U07","ITALEXIT PER L'ITALIA","LEONARDO BLASI"
"LOMBARDIA","LOMBARDIA - U07","AZIONE - ITALIA VIVA - CALENDA","ANDREA MOLTRASIO"
"LOMBARDIA","LOMBARDIA - U07","UNIONE POPOLARE CON DE MAGISTRIS","DARIO FRATUS DETTO DARIA"
"LOMBARDIA","LOMBARDIA - U07","VITA","SERENA FRANCESCA MURATORE"
"LOMBARDIA","LOMBARDIA - U08","+EUROPA","ROSA VITALE"
"LOMBARDIA","LOMBARDIA - U08","IMPEGNO CIVICO LUIGI DI MAIO - CENTRO DEMOCRATICO","ROSA VITALE"
"LOMBARDIA","LOMBARDIA - U08","ALLEANZA VERDI E SINISTRA","ROSA VITALE"
"LOMBARDIA","LOMBARDIA - U08","PARTITO DEMOCRATICO - ITALIA DEMOCRATICA E PROGRESSISTA","ROSA VITALE"
"LOMBARDIA","LOMBARDIA - U08","MASTELLA NOI DI CENTRO EUROPEISTI","GIUSEPPE COSTANZO"
"LOMBARDIA","LOMBARDIA - U08","NOI MODERATI/LUPI - TOTI - BRUGNARO - UDC","STEFANO BORGHESI"
"LOMBARDIA","LOMBARDIA - U08","LEGA PER SALVINI PREMIER","STEFANO BORGHESI"
"LOMBARDIA","LOMBARDIA - U08","FRATELLI D'ITALIA CON GIORGIA MELONI","STEFANO BORGHESI"
"LOMBARDIA","LOMBARDIA - U08","FORZA ITALIA","STEFANO BORGHESI"
"LOMBARDIA","LOMBARDIA - U08","ITALIA SOVRANA E POPOLARE","VINCENZO DELILLO"
"LOMBARDIA","LOMBARDIA - U08","MOVIMENTO 5 STELLE","ANNA MARIA BONETTINI"
"LOMBARDIA","LOMBARDIA - U08","ITALEXIT PER L'ITALIA","EROS LODI"
"LOMBARDIA","LOMBARDIA - U08","AZIONE - ITALIA VIVA - CALENDA","RICCARDO CANINI"
"LOMBARDIA","LOMBARDIA - U08","UNIONE POPOLARE CON DE MAGISTRIS","DARIO FILIPPINI"
"LOMBARDIA","LOMBARDIA - U08","VITA","LORENA POLONINI"
"LOMBARDIA","LOMBARDIA - U09","+EUROPA","CRISTINA TEDALDI"
"LOMBARDIA","LOMBARDIA - U09","IMPEGNO CIVICO LUIGI DI MAIO - CENTRO DEMOCRATICO","CRISTINA TEDALDI"
"LOMBARDIA","LOMBARDIA - U09","ALLEANZA VERDI E SINISTRA","CRISTINA TEDALDI"
"LOMBARDIA","LOMBARDIA - U09","PARTITO DEMOCRATICO - ITALIA DEMOCRATICA E PROGRESSISTA","CRISTINA TEDALDI"
"LOMBARDIA","LOMBARDIA - U09","MASTELLA NOI DI CENTRO EUROPEISTI","FEDERICA FRANCESCA BONVINI"
"LOMBARDIA","LOMBARDIA - U09","NOI MODERATI/LUPI - TOTI - BRUGNARO - UDC","GIULIOMARIA TERZI DI SANT'AGATA"
"LOMBARDIA","LOMBARDIA - U09","LEGA PER SALVINI PREMIER","GIULIOMARIA TERZI DI SANT'AGATA"
"LOMBARDIA","LOMBARDIA - U09","FRATELLI D'ITALIA CON GIORGIA MELONI","GIULIOMARIA TERZI DI SANT'AGATA"
"LOMBARDIA","LOMBARDIA - U09","FORZA ITALIA","GIULIOMARIA TERZI DI SANT'AGATA"
"LOMBARDIA","LOMBARDIA - U09","ITALIA SOVRANA E POPOLARE","PIETRO MARTINELLI"
"LOMBARDIA","LOMBARDIA - U09","MOVIMENTO 5 STELLE","MARIAROSA GHITTI"
"LOMBARDIA","LOMBARDIA - U09","ITALEXIT PER L'ITALIA","GIAN LUCA BERETTA"
"LOMBARDIA","LOMBARDIA - U09","AZIONE - ITALIA VIVA - CALENDA","MARIASTELLA GELMINI"
"LOMBARDIA","LOMBARDIA - U09","UNIONE POPOLARE CON DE MAGISTRIS","LAURA ALGHISI"
"LOMBARDIA","LOMBARDIA - U09","VITA","FLAMINIO MAFFETTINI"
"LOMBARDIA","LOMBARDIA - U11","+EUROPA","CARLO COTTARELLI"
"LOMBARDIA","LOMBARDIA - U11","IMPEGNO CIVICO LUIGI DI MAIO - CENTRO DEMOCRATICO","CARLO COTTARELLI"
"LOMBARDIA","LOMBARDIA - U11","ALLEANZA VERDI E SINISTRA","CARLO COTTARELLI"
"LOMBARDIA","LOMBARDIA - U11","PARTITO DEMOCRATICO - ITALIA DEMOCRATICA E PROGRESSISTA","CARLO COTTARELLI"
"LOMBARDIA","LOMBARDIA - U11","MASTELLA NOI DI CENTRO EUROPEISTI","GIANCARLO NOLLI"
"LOMBARDIA","LOMBARDIA - U11","NOI MODERATI/LUPI - TOTI - BRUGNARO - UDC","DANIELA GARNERO SANTANCHE'"
"LOMBARDIA","LOMBARDIA - U11","LEGA PER SALVINI PREMIER","DANIELA GARNERO SANTANCHE'"
"LOMBARDIA","LOMBARDIA - U11","FRATELLI D'ITALIA CON GIORGIA MELONI","DANIELA GARNERO SANTANCHE'"
"LOMBARDIA","LOMBARDIA - U11","FORZA ITALIA","DANIELA GARNERO SANTANCHE'"
"LOMBARDIA","LOMBARDIA - U11","ITALIA SOVRANA E POPOLARE","MONICA PERUGINI"
"LOMBARDIA","LOMBARDIA - U11","MOVIMENTO 5 STELLE","UMBERTO DI FRANCO"
"LOMBARDIA","LOMBARDIA - U11","ITALEXIT PER L'ITALIA","LORENZA RIZZI"
"LOMBARDIA","LOMBARDIA - U11","AZIONE - ITALIA VIVA - CALENDA","FRANCESCA ZALTIERI"
"LOMBARDIA","LOMBARDIA - U11","UNIONE POPOLARE CON DE MAGISTRIS","PIERLUIGI LUISI"
"LOMBARDIA","LOMBARDIA - U11","VITA","GIUSEPPE BADOLATO"
"VENETO","VENETO - U01","ALLEANZA VERDI E SINISTRA","MICHELE MOGNATO"
"VENETO","VENETO - U01","+EUROPA","MICHELE MOGNATO"
"VENETO","VENETO - U01","PARTITO DEMOCRATICO - ITALIA DEMOCRATICA E PROGRESSISTA","MICHELE MOGNATO"
"VENETO","VENETO - U01","IMPEGNO CIVICO LUIGI DI MAIO - CENTRO DEMOCRATICO","MICHELE MOGNATO"
"VENETO","VENETO - U01","NOI MODERATI/LUPI - TOTI - BRUGNARO - UDC","RAFFAELE SPERANZON"
"VENETO","VENETO - U01","LEGA PER SALVINI PREMIER","RAFFAELE SPERANZON"
"VENETO","VENETO - U01","FORZA ITALIA","RAFFAELE SPERANZON"
"VENETO","VENETO - U01","FRATELLI D'ITALIA CON GIORGIA MELONI","RAFFAELE SPERANZON"
"VENETO","VENETO - U01","ITALEXIT PER L'ITALIA","NICOLETTA  CIRIELLO"
"VENETO","VENETO - U01","VITA","VANESSA ZUPPA"
"VENETO","VENETO - U01","MOVIMENTO 5 STELLE","SARA GIAGGIO"
"VENETO","VENETO - U01","AZIONE - ITALIA VIVA - CALENDA","GABRIELE GALIAZZO"
"VENETO","VENETO - U01","ITALIA SOVRANA E POPOLARE","PAOLO DENAT"
"VENETO","VENETO - U01","UNIONE POPOLARE CON DE MAGISTRIS","FILIPPO NAPPI"
"VENETO","VENETO - U01","ALTERNATIVA PER L'ITALIA - NO GREEN PASS","PAOLA GANZ"
"VENETO","VENETO - U02","ALLEANZA VERDI E SINISTRA","PAOLO GALEANO"
"VENETO","VENETO - U02","+EUROPA","PAOLO GALEANO"
"VENETO","VENETO - U02","PARTITO DEMOCRATICO - ITALIA DEMOCRATICA E PROGRESSISTA","PAOLO GALEANO"
"VENETO","VENETO - U02","IMPEGNO CIVICO LUIGI DI MAIO - CENTRO DEMOCRATICO","PAOLO GALEANO"
"VENETO","VENETO - U02","NOI MODERATI/LUPI - TOTI - BRUGNARO - UDC","LUCA DE CARLO"
"VENETO","VENETO - U02","LEGA PER SALVINI PREMIER","LUCA DE CARLO"
"VENETO","VENETO - U02","FORZA ITALIA","LUCA DE CARLO"
"VENETO","VENETO - U02","FRATELLI D'ITALIA CON GIORGIA MELONI","LUCA DE CARLO"
"VENETO","VENETO - U02","ITALEXIT PER L'ITALIA","ROBERTO LEVI"
"VENETO","VENETO - U02","VITA","ALBERTO POLI"
"VENETO","VENETO - U02","MOVIMENTO 5 STELLE","FLAVIO BALDAN"
"VENETO","VENETO - U02","AZIONE - ITALIA VIVA - CALENDA","PAOLA TIZIANA FRANCESCA BERGAMO"
"VENETO","VENETO - U02","ITALIA SOVRANA E POPOLARE","LOREDANA VERONESE"
"VENETO","VENETO - U02","UNIONE POPOLARE CON DE MAGISTRIS","GABRIELLA CASSOL"
"VENETO","VENETO - U02","ALTERNATIVA PER L'ITALIA - NO GREEN PASS","MASSIMILIANO ZANNINI"
"VENETO","VENETO - U03","ALLEANZA VERDI E SINISTRA","EMANUELE ALECCI"
"VENETO","VENETO - U03","+EUROPA","EMANUELE ALECCI"
"VENETO","VENETO - U03","PARTITO DEMOCRATICO - ITALIA DEMOCRATICA E PROGRESSISTA","EMANUELE ALECCI"
"VENETO","VENETO - U03","IMPEGNO CIVICO LUIGI DI MAIO - CENTRO DEMOCRATICO","EMANUELE ALECCI"
"VENETO","VENETO - U03","NOI MODERATI/LUPI - TOTI - BRUGNARO - UDC","ANNA MARIA BERNINI"
"VENETO","VENETO - U03","LEGA PER SALVINI PREMIER","ANNA MARIA BERNINI"
"VENETO","VENETO - U03","FORZA ITALIA","ANNA MARIA BERNINI"
"VENETO","VENETO - U03","FRATELLI D'ITALIA CON GIORGIA MELONI","ANNA MARIA BERNINI"
"VENETO","VENETO - U03","ITALEXIT PER L'ITALIA","FRANCESCA CONZ"
"VENETO","VENETO - U03","VITA","LINA SPINELLI"
"VENETO","VENETO - U03","MOVIMENTO 5 STELLE","GIORGIO BURLINI"
"VENETO","VENETO - U03","AZIONE - ITALIA VIVA - CALENDA","INNOCENTE MARANGON"
"VENETO","VENETO - U03","ITALIA SOVRANA E POPOLARE","AMPELIO PINTON"
"VENETO","VENETO - U03","UNIONE POPOLARE CON DE MAGISTRIS","STEFANIA AQUILINI"
"VENETO","VENETO - U03","ALTERNATIVA PER L'ITALIA - NO GREEN PASS","TANIA TORRESI"
"VENETO","VENETO - U04","ALLEANZA VERDI E SINISTRA","CLAUDIA MARIA LONGHI"
"VENETO","VENETO - U04","+EUROPA","CLAUDIA MARIA LONGHI"
"VENETO","VENETO - U04","PARTITO DEMOCRATICO - ITALIA DEMOCRATICA E PROGRESSISTA","CLAUDIA MARIA LONGHI"
"VENETO","VENETO - U04","IMPEGNO CIVICO LUIGI DI MAIO - CENTRO DEMOCRATICO","CLAUDIA MARIA LONGHI"
"VENETO","VENETO - U04","NOI MODERATI/LUPI - TOTI - BRUGNARO - UDC","MARA BIZZOTTO"
"VENETO","VENETO - U04","LEGA PER SALVINI PREMIER","MARA BIZZOTTO"
"VENETO","VENETO - U04","FORZA ITALIA","MARA BIZZOTTO"
"VENETO","VENETO - U04","FRATELLI D'ITALIA CON GIORGIA MELONI","MARA BIZZOTTO"
"VENETO","VENETO - U04","ITALEXIT PER L'ITALIA","GIORGIO AMADORI"
"VENETO","VENETO - U04","VITA","LUIGI CAPONETTO"
"VENETO","VENETO - U04","MOVIMENTO 5 STELLE","BARBARA GUIDOLIN"
"VENETO","VENETO - U04","AZIONE - ITALIA VIVA - CALENDA","MARILISA MUNARI"
"VENETO","VENETO - U04","ITALIA SOVRANA E POPOLARE","CRISTINA BOMITALI"
"VENETO","VENETO - U04","UNIONE POPOLARE CON DE MAGISTRIS","ROBERTO FOGAGNOLI"
"VENETO","VENETO - U04","ALTERNATIVA PER L'ITALIA - NO GREEN PASS","FILIPPO SCIORTINO"
"VENETO","VENETO - U05","ALLEANZA VERDI E SINISTRA","ANNA MARIA STERCHELE"
"VENETO","VENETO - U05","+EUROPA","ANNA MARIA STERCHELE"
"VENETO","VENETO - U05","PARTITO DEMOCRATICO - ITALIA DEMOCRATICA E PROGRESSISTA","ANNA MARIA STERCHELE"
"VENETO","VENETO - U05","IMPEGNO CIVICO LUIGI DI MAIO - CENTRO DEMOCRATICO","ANNA MARIA STERCHELE"
"VENETO","VENETO - U05","NOI MODERATI/LUPI - TOTI - BRUGNARO - UDC","PAOLO TOSATO"
"VENETO","VENETO - U05","LEGA PER SALVINI PREMIER","PAOLO TOSATO"
"VENETO","VENETO - U05","FORZA ITALIA","PAOLO TOSATO"
"VENETO","VENETO - U05","FRATELLI D'ITALIA CON GIORGIA MELONI","PAOLO TOSATO"
"VENETO","VENETO - U05","ITALEXIT PER L'ITALIA","STEFANO COBELLO"
"VENETO","VENETO - U05","VITA","CHIARA-STELLA SAUTTO"
"VENETO","VENETO - U05","MOVIMENTO 5 STELLE","MAURA ZAMBON"
"VENETO","VENETO - U05","AZIONE - ITALIA VIVA - CALENDA","DANILO MONTANARI"
"VENETO","VENETO - U05","ITALIA SOVRANA E POPOLARE","IVANO CORDIOLI"
"VENETO","VENETO - U05","UNIONE POPOLARE CON DE MAGISTRIS","RENATO PERETTI"
"VENETO","VENETO - U05","ALTERNATIVA PER L'ITALIA - NO GREEN PASS","NICOLO' ZAMBERLAN"
"FRIULI-VENEZIA GIULIA","FRIULI-VENEZIA GIULIA - U01","VITA","PIERUMBERTO STARACE"
"FRIULI-VENEZIA GIULIA","FRIULI-VENEZIA GIULIA - U01","UNIONE POPOLARE CON DE MAGISTRIS","EMILIA ACCOMANDO"
"FRIULI-VENEZIA GIULIA","FRIULI-VENEZIA GIULIA - U01","ALTERNATIVA PER L'ITALIA - NO GREEN PASS","VALENTINA BALDACCI"
"FRIULI-VENEZIA GIULIA","FRIULI-VENEZIA GIULIA - U01","ALLEANZA VERDI E SINISTRA","FURIO HONSELL"
"FRIULI-VENEZIA GIULIA","FRIULI-VENEZIA GIULIA - U01","+EUROPA","FURIO HONSELL"
"FRIULI-VENEZIA GIULIA","FRIULI-VENEZIA GIULIA - U01","IMPEGNO CIVICO LUIGI DI MAIO - CENTRO DEMOCRATICO","FURIO HONSELL"
"FRIULI-VENEZIA GIULIA","FRIULI-VENEZIA GIULIA - U01","PARTITO DEMOCRATICO - ITALIA DEMOCRATICA E PROGRESSISTA","FURIO HONSELL"
"FRIULI-VENEZIA GIULIA","FRIULI-VENEZIA GIULIA - U01","ITALEXIT PER L'ITALIA","ANTONINO IRACA'"
"FRIULI-VENEZIA GIULIA","FRIULI-VENEZIA GIULIA - U01","NOI MODERATI/LUPI - TOTI - BRUGNARO - UDC","LUCA CIRIANI"
"FRIULI-VENEZIA GIULIA","FRIULI-VENEZIA GIULIA - U01","LEGA PER SALVINI PREMIER","LUCA CIRIANI"
"FRIULI-VENEZIA GIULIA","FRIULI-VENEZIA GIULIA - U01","FORZA ITALIA","LUCA CIRIANI"
"FRIULI-VENEZIA GIULIA","FRIULI-VENEZIA GIULIA - U01","FRATELLI D'ITALIA CON GIORGIA MELONI","LUCA CIRIANI"
"FRIULI-VENEZIA GIULIA","FRIULI-VENEZIA GIULIA - U01","MOVIMENTO 5 STELLE","STEFANO PATUANELLI"
"FRIULI-VENEZIA GIULIA","FRIULI-VENEZIA GIULIA - U01","MASTELLA NOI DI CENTRO EUROPEISTI","ENRICO MASIERO"
"FRIULI-VENEZIA GIULIA","FRIULI-VENEZIA GIULIA - U01","AZIONE - ITALIA VIVA - CALENDA","GIULIANO CASTENETTO"
"FRIULI-VENEZIA GIULIA","FRIULI-VENEZIA GIULIA - U01","ITALIA SOVRANA E POPOLARE","FABIO CAMILLUCCI"
"LIGURIA","LIGURIA - U01","MOVIMENTO 5 STELLE","ENRICO MARIA NADASI"
"LIGURIA","LIGURIA - U01","UNIONE POPOLARE CON DE MAGISTRIS","GIACOMO MARCHETTI"
"LIGURIA","LIGURIA - U01","FRATELLI D'ITALIA CON GIORGIA MELONI","GIOVANNI BERRINO"
"LIGURIA","LIGURIA - U01","FORZA ITALIA","GIOVANNI BERRINO"
"LIGURIA","LIGURIA - U01","NOI MODERATI/LUPI - TOTI - BRUGNARO - UDC","GIOVANNI BERRINO"
"LIGURIA","LIGURIA - U01","LEGA PER SALVINI PREMIER","GIOVANNI BERRINO"
"LIGURIA","LIGURIA - U01","VITA","RICCARDO FORTIN"
"LIGURIA","LIGURIA - U01","PARTITO COMUNISTA DEI LAVORATORI","MARCO GIUSEPPE FERRANDO"
"LIGURIA","LIGURIA - U01","AZIONE - ITALIA VIVA - CALENDA","MARIA CARIDI DETTA MARY"
"LIGURIA","LIGURIA - U01","ITALEXIT PER L'ITALIA","FRANCESCA BARBATO"
"LIGURIA","LIGURIA - U01","+EUROPA","SANDRA ZAMPA"
"LIGURIA","LIGURIA - U01","PARTITO DEMOCRATICO - ITALIA DEMOCRATICA E PROGRESSISTA","SANDRA ZAMPA"
"LIGURIA","LIGURIA - U01","IMPEGNO CIVICO LUIGI DI MAIO - CENTRO DEMOCRATICO","SANDRA ZAMPA"
"LIGURIA","LIGURIA - U01","ALLEANZA VERDI E SINISTRA","SANDRA ZAMPA"
"LIGURIA","LIGURIA - U01","MASTELLA NOI DI CENTRO EUROPEISTI","CARMELA ALBANESE"
"LIGURIA","LIGURIA - U01","ITALIA SOVRANA E POPOLARE","SILVANO CECCOLI"
"LIGURIA","LIGURIA - U02","MOVIMENTO 5 STELLE","BARBARA TRONCHI"
"LIGURIA","LIGURIA - U02","UNIONE POPOLARE CON DE MAGISTRIS","NORMA BERTULLACELLI"
"LIGURIA","LIGURIA - U02","FRATELLI D'ITALIA CON GIORGIA MELONI","STEFANIA PUCCIARELLI"
"LIGURIA","LIGURIA - U02","FORZA ITALIA","STEFANIA PUCCIARELLI"
"LIGURIA","LIGURIA - U02","NOI MODERATI/LUPI - TOTI - BRUGNARO - UDC","STEFANIA PUCCIARELLI"
"LIGURIA","LIGURIA - U02","LEGA PER SALVINI PREMIER","STEFANIA PUCCIARELLI"
"LIGURIA","LIGURIA - U02","VITA","ELISA TOGNOCCHI"
"LIGURIA","LIGURIA - U02","PARTITO COMUNISTA DEI LAVORATORI","CINZIA RONZITTI"
"LIGURIA","LIGURIA - U02","AZIONE - ITALIA VIVA - CALENDA","ANGELO CARELLA"
"LIGURIA","LIGURIA - U02","ITALEXIT PER L'ITALIA","MARCO MORI"
"LIGURIA","LIGURIA - U02","+EUROPA","GUIDO MELLEY"
"LIGURIA","LIGURIA - U02","PARTITO DEMOCRATICO - ITALIA DEMOCRATICA E PROGRESSISTA","GUIDO MELLEY"
"LIGURIA","LIGURIA - U02","IMPEGNO CIVICO LUIGI DI MAIO - CENTRO DEMOCRATICO","GUIDO MELLEY"
"LIGURIA","LIGURIA - U02","ALLEANZA VERDI E SINISTRA","GUIDO MELLEY"
"LIGURIA","LIGURIA - U02","MASTELLA NOI DI CENTRO EUROPEISTI","ANTONIO MEROLA"
"LIGURIA","LIGURIA - U02","ITALIA SOVRANA E POPOLARE","SIMONETTA RUFFATO"
"EMILIA-ROMAGNA","EMILIA-ROMAGNA - U01","ALTERNATIVA PER L'ITALIA - NO GREEN PASS","ENRICO PAPI"
"EMILIA-ROMAGNA","EMILIA-ROMAGNA - U01","PARTITO ANIMALISTA - UCDL - 10 VOLTE MEGLIO","ALBA PROIETTI"
"EMILIA-ROMAGNA","EMILIA-ROMAGNA - U01","PARTITO DEMOCRATICO - ITALIA DEMOCRATICA E PROGRESSISTA","GIUSEPPE NEGRI DETTO BEPPE"
"EMILIA-ROMAGNA","EMILIA-ROMAGNA - U01","+EUROPA","GIUSEPPE NEGRI DETTO BEPPE"
"EMILIA-ROMAGNA","EMILIA-ROMAGNA - U01","ALLEANZA VERDI E SINISTRA","GIUSEPPE NEGRI DETTO BEPPE"
"EMILIA-ROMAGNA","EMILIA-ROMAGNA - U01","IMPEGNO CIVICO LUIGI DI MAIO - CENTRO DEMOCRATICO","GIUSEPPE NEGRI DETTO BEPPE"
"EMILIA-ROMAGNA","EMILIA-ROMAGNA - U01","DESTRE UNITE","ROMINA SANZANI"
"EMILIA-ROMAGNA","EMILIA-ROMAGNA - U01","FRATELLI D'ITALIA CON GIORGIA MELONI","ELENA MURELLI"
"EMILIA-ROMAGNA","EMILIA-ROMAGNA - U01","LEGA PER SALVINI PREMIER","ELENA MURELLI"
"EMILIA-ROMAGNA","EMILIA-ROMAGNA - U01","NOI MODERATI/LUPI - TOTI - BRUGNARO - UDC","ELENA MURELLI"
"EMILIA-ROMAGNA","EMILIA-ROMAGNA - U01","FORZA ITALIA","ELENA MURELLI"
"EMILIA-ROMAGNA","EMILIA-ROMAGNA - U01","UNIONE POPOLARE CON DE MAGISTRIS","HAITHAM ALLAWI"
"EMILIA-ROMAGNA","EMILIA-ROMAGNA - U01","ITALIA SOVRANA E POPOLARE","SILVIA DI CATALDO"
"EMILIA-ROMAGNA","EMILIA-ROMAGNA - U01","AZIONE - ITALIA VIVA - CALENDA","ALESSANDRO SBALBI"
"EMILIA-ROMAGNA","EMILIA-ROMAGNA - U01","MOVIMENTO 5 STELLE","GABRIELLA ANNA MARIA BLANCATO"
"EMILIA-ROMAGNA","EMILIA-ROMAGNA - U01","VITA","MARIANGELA SASSI"
"EMILIA-ROMAGNA","EMILIA-ROMAGNA - U01","ITALEXIT PER L'ITALIA","ERICA ROMANI"
"EMILIA-ROMAGNA","EMILIA-ROMAGNA - U01","MASTELLA NOI DI CENTRO EUROPEISTI","GABRIELLA BUSSOLATI"
"EMILIA-ROMAGNA","EMILIA-ROMAGNA - U02","ALTERNATIVA PER L'ITALIA - NO GREEN PASS","IRENE BARTOLOMASI"
"EMILIA-ROMAGNA","EMILIA-ROMAGNA - U02","PARTITO ANIMALISTA - UCDL - 10 VOLTE MEGLIO","ALESSANDRA CAROBBI"
"EMILIA-ROMAGNA","EMILIA-ROMAGNA - U02","PARTITO DEMOCRATICO - ITALIA DEMOCRATICA E PROGRESSISTA","VINCENZA RANDO"
"EMILIA-ROMAGNA","EMILIA-ROMAGNA - U02","+EUROPA","VINCENZA RANDO"
"EMILIA-ROMAGNA","EMILIA-ROMAGNA - U02","ALLEANZA VERDI E SINISTRA","VINCENZA RANDO"
"EMILIA-ROMAGNA","EMILIA-ROMAGNA - U02","IMPEGNO CIVICO LUIGI DI MAIO - CENTRO DEMOCRATICO","VINCENZA RANDO"
"EMILIA-ROMAGNA","EMILIA-ROMAGNA - U02","DESTRE UNITE","YOLANDA ANNA CHRISTINA BRIGHI"
"EMILIA-ROMAGNA","EMILIA-ROMAGNA - U02","FRATELLI D'ITALIA CON GIORGIA MELONI","ENRICO AIMI"
"EMILIA-ROMAGNA","EMILIA-ROMAGNA - U02","LEGA PER SALVINI PREMIER","ENRICO AIMI"
"EMILIA-ROMAGNA","EMILIA-ROMAGNA - U02","NOI MODERATI/LUPI - TOTI - BRUGNARO - UDC","ENRICO AIMI"
"EMILIA-ROMAGNA","EMILIA-ROMAGNA - U02","FORZA ITALIA","ENRICO AIMI"
"EMILIA-ROMAGNA","EMILIA-ROMAGNA - U02","UNIONE POPOLARE CON DE MAGISTRIS","JUDITH PINNOCK"
"EMILIA-ROMAGNA","EMILIA-ROMAGNA - U02","ITALIA SOVRANA E POPOLARE","MICHELA VANDELLI"
"EMILIA-ROMAGNA","EMILIA-ROMAGNA - U02","AZIONE - ITALIA VIVA - CALENDA","CHIARA CASELGRANDI"
"EMILIA-ROMAGNA","EMILIA-ROMAGNA - U02","MOVIMENTO 5 STELLE","MARIA LAURA MANTOVANI"
"EMILIA-ROMAGNA","EMILIA-ROMAGNA - U02","VITA","ANTONIETTA GATTI"
"EMILIA-ROMAGNA","EMILIA-ROMAGNA - U02","ITALEXIT PER L'ITALIA","MICHELE  CAMPARI"
"EMILIA-ROMAGNA","EMILIA-ROMAGNA - U02","MASTELLA NOI DI CENTRO EUROPEISTI","RENATO FRATI"
"EMILIA-ROMAGNA","EMILIA-ROMAGNA - U03","ALTERNATIVA PER L'ITALIA - NO GREEN PASS","MAURIZIO BALDACCI"
"EMILIA-ROMAGNA","EMILIA-ROMAGNA - U03","PARTITO ANIMALISTA - UCDL - 10 VOLTE MEGLIO","ALESSANDRO CAPUCCI"
"EMILIA-ROMAGNA","EMILIA-ROMAGNA - U03","PARTITO DEMOCRATICO - ITALIA DEMOCRATICA E PROGRESSISTA","PIERFERDINANDO CASINI"
"EMILIA-ROMAGNA","EMILIA-ROMAGNA - U03","+EUROPA","PIERFERDINANDO CASINI"
"EMILIA-ROMAGNA","EMILIA-ROMAGNA - U03","ALLEANZA VERDI E SINISTRA","PIERFERDINANDO CASINI"
"EMILIA-ROMAGNA","EMILIA-ROMAGNA - U03","IMPEGNO CIVICO LUIGI DI MAIO - CENTRO DEMOCRATICO","PIERFERDINANDO CASINI"
"EMILIA-ROMAGNA","EMILIA-ROMAGNA - U03","DESTRE UNITE","BRUNO SAVINI"
"EMILIA-ROMAGNA","EMILIA-ROMAGNA - U03","FRATELLI D'ITALIA CON GIORGIA MELONI","VITTORIO SGARBI"
"EMILIA-ROMAGNA","EMILIA-ROMAGNA - U03","LEGA PER SALVINI PREMIER","VITTORIO SGARBI"
"EMILIA-ROMAGNA","EMILIA-ROMAGNA - U03","NOI MODERATI/LUPI - TOTI - BRUGNARO - UDC","VITTORIO SGARBI"
"EMILIA-ROMAGNA","EMILIA-ROMAGNA - U03","FORZA ITALIA","VITTORIO SGARBI"
"EMILIA-ROMAGNA","EMILIA-ROMAGNA - U03","UNIONE POPOLARE CON DE MAGISTRIS","MARCO ODORICI DETTO ODDO"
"EMILIA-ROMAGNA","EMILIA-ROMAGNA - U03","ITALIA SOVRANA E POPOLARE","RICCARDO PACCOSI"
"EMILIA-ROMAGNA","EMILIA-ROMAGNA - U03","AZIONE - ITALIA VIVA - CALENDA","MARCO LOMBARDO"
"EMILIA-ROMAGNA","EMILIA-ROMAGNA - U03","MOVIMENTO 5 STELLE","FABIO SELLERI"
"EMILIA-ROMAGNA","EMILIA-ROMAGNA - U03","VITA","STEFANO MONTANARI"
"EMILIA-ROMAGNA","EMILIA-ROMAGNA - U03","ITALEXIT PER L'ITALIA","DANIELE MATTEI"
"EMILIA-ROMAGNA","EMILIA-ROMAGNA - U03","MASTELLA NOI DI CENTRO EUROPEISTI","GIANNI CATELANI"
"EMILIA-ROMAGNA","EMILIA-ROMAGNA - U04","ALTERNATIVA PER L'ITALIA - NO GREEN PASS","CARLA LODI"
"EMILIA-ROMAGNA","EMILIA-ROMAGNA - U04","PARTITO ANIMALISTA - UCDL - 10 VOLTE MEGLIO","ROBERTA TRIVELLATO"
"EMILIA-ROMAGNA","EMILIA-ROMAGNA - U04","PARTITO DEMOCRATICO - ITALIA DEMOCRATICA E PROGRESSISTA","MANUELA RONTINI"
"EMILIA-ROMAGNA","EMILIA-ROMAGNA - U04","+EUROPA","MANUELA RONTINI"
"EMILIA-ROMAGNA","EMILIA-ROMAGNA - U04","ALLEANZA VERDI E SINISTRA","MANUELA RONTINI"
"EMILIA-ROMAGNA","EMILIA-ROMAGNA - U04","IMPEGNO CIVICO LUIGI DI MAIO - CENTRO DEMOCRATICO","MANUELA RONTINI"
"EMILIA-ROMAGNA","EMILIA-ROMAGNA - U04","DESTRE UNITE","DIVO PIRINI"
"EMILIA-ROMAGNA","EMILIA-ROMAGNA - U04","FRATELLI D'ITALIA CON GIORGIA MELONI","ALBERTO BALBONI"
"EMILIA-ROMAGNA","EMILIA-ROMAGNA - U04","LEGA PER SALVINI PREMIER","ALBERTO BALBONI"
"EMILIA-ROMAGNA","EMILIA-ROMAGNA - U04","NOI MODERATI/LUPI - TOTI - BRUGNARO - UDC","ALBERTO BALBONI"
"EMILIA-ROMAGNA","EMILIA-ROMAGNA - U04","FORZA ITALIA","ALBERTO BALBONI"
"EMILIA-ROMAGNA","EMILIA-ROMAGNA - U04","UNIONE POPOLARE CON DE MAGISTRIS","MIRNA TESTI"
"EMILIA-ROMAGNA","EMILIA-ROMAGNA - U04","ITALIA SOVRANA E POPOLARE","GIORGIO FRANCHI"
"EMILIA-ROMAGNA","EMILIA-ROMAGNA - U04","AZIONE - ITALIA VIVA - CALENDA","SYLVIA KRANZ"
"EMILIA-ROMAGNA","EMILIA-ROMAGNA - U04","MOVIMENTO 5 STELLE","ANASTASIA RUGGERI"
"EMILIA-ROMAGNA","EMILIA-ROMAGNA - U04","VITA","LUCA TEODORI"
"EMILIA-ROMAGNA","EMILIA-ROMAGNA - U04","ITALEXIT PER L'ITALIA","PAOLA FUSCHINI"
"EMILIA-ROMAGNA","EMILIA-ROMAGNA - U04","MASTELLA NOI DI CENTRO EUROPEISTI","MARIA ROSA TOSI"
"EMILIA-ROMAGNA","EMILIA-ROMAGNA - U05","ALTERNATIVA PER L'ITALIA - NO GREEN PASS","SANDRO FERRER"
"EMILIA-ROMAGNA","EMILIA-ROMAGNA - U05","PARTITO ANIMALISTA - UCDL - 10 VOLTE MEGLIO","MELISSA MONTANARI"
"EMILIA-ROMAGNA","EMILIA-ROMAGNA - U05","PARTITO DEMOCRATICO - ITALIA DEMOCRATICA E PROGRESSISTA","SIMONA EMANUELA ANNA CAROLINA VIOLA"
"EMILIA-ROMAGNA","EMILIA-ROMAGNA - U05","+EUROPA","SIMONA EMANUELA ANNA CAROLINA VIOLA"
"EMILIA-ROMAGNA","EMILIA-ROMAGNA - U05","ALLEANZA VERDI E SINISTRA","SIMONA EMANUELA ANNA CAROLINA VIOLA"
"EMILIA-ROMAGNA","EMILIA-ROMAGNA - U05","IMPEGNO CIVICO LUIGI DI MAIO - CENTRO DEMOCRATICO","SIMONA EMANUELA ANNA CAROLINA VIOLA"
"EMILIA-ROMAGNA","EMILIA-ROMAGNA - U05","DESTRE UNITE","ROBERTO SANZANI"
"EMILIA-ROMAGNA","EMILIA-ROMAGNA - U05","FRATELLI D'ITALIA CON GIORGIA MELONI","MARTA FAROLFI"
"EMILIA-ROMAGNA","EMILIA-ROMAGNA - U05","LEGA PER SALVINI PREMIER","MARTA FAROLFI"
"EMILIA-ROMAGNA","EMILIA-ROMAGNA - U05","NOI MODERATI/LUPI - TOTI - BRUGNARO - UDC","MARTA FAROLFI"
"EMILIA-ROMAGNA","EMILIA-ROMAGNA - U05","FORZA ITALIA","MARTA FAROLFI"
"EMILIA-ROMAGNA","EMILIA-ROMAGNA - U05","UNIONE POPOLARE CON DE MAGISTRIS","ORESTE GODI"
"EMILIA-ROMAGNA","EMILIA-ROMAGNA - U05","ITALIA SOVRANA E POPOLARE","GUGLIELMO BOLOGNINI"
"EMILIA-ROMAGNA","EMILIA-ROMAGNA - U05","AZIONE - ITALIA VIVA - CALENDA","ELENA LEARDINI"
"EMILIA-ROMAGNA","EMILIA-ROMAGNA - U05","MOVIMENTO 5 STELLE","MARCO CROATTI"
"EMILIA-ROMAGNA","EMILIA-ROMAGNA - U05","VITA","NOEMI ZUCCHI"
"EMILIA-ROMAGNA","EMILIA-ROMAGNA - U05","ITALEXIT PER L'ITALIA","ELEONORA BARRECA"
"EMILIA-ROMAGNA","EMILIA-ROMAGNA - U05","MASTELLA NOI DI CENTRO EUROPEISTI","SABRINA FEDELI"
"TOSCANA","TOSCANA - U01","MOVIMENTO 5 STELLE","ANDREA BARBAGLI"
"TOSCANA","TOSCANA - U01","AZIONE - ITALIA VIVA - CALENDA","DAVIDE  VIVALDI"
"TOSCANA","TOSCANA - U01","ALLEANZA VERDI E SINISTRA","SILVIO FRANCESCHELLI"
"TOSCANA","TOSCANA - U01","IMPEGNO CIVICO LUIGI DI MAIO - CENTRO DEMOCRATICO","SILVIO FRANCESCHELLI"
"TOSCANA","TOSCANA - U01","PARTITO DEMOCRATICO - ITALIA DEMOCRATICA E PROGRESSISTA","SILVIO FRANCESCHELLI"
"TOSCANA","TOSCANA - U01","+EUROPA","SILVIO FRANCESCHELLI"
"TOSCANA","TOSCANA - U01","UNIONE POPOLARE CON DE MAGISTRIS","CLAUDIO CUBATTOLI"
"TOSCANA","TOSCANA - U01","VITA","TOMMASO AGOSTINI"
"TOSCANA","TOSCANA - U01","PARTITO COMUNISTA ITALIANO","MARCO BARZANTI"
"TOSCANA","TOSCANA - U01","ITALEXIT PER L'ITALIA","GUALTIERO BOMBA"
"TOSCANA","TOSCANA - U01","FRATELLI D'ITALIA CON GIORGIA MELONI","SIMONA PETRUCCI"
"TOSCANA","TOSCANA - U01","FORZA ITALIA","SIMONA PETRUCCI"
"TOSCANA","TOSCANA - U01","NOI MODERATI/LUPI - TOTI - BRUGNARO - UDC","SIMONA PETRUCCI"
"TOSCANA","TOSCANA - U01","LEGA PER SALVINI PREMIER","SIMONA PETRUCCI"
"TOSCANA","TOSCANA - U01","ITALIA SOVRANA E POPOLARE","MARIA TERESA TURRINI"
"TOSCANA","TOSCANA - U02","MOVIMENTO 5 STELLE","VALERIA MARROCCO"
"TOSCANA","TOSCANA - U02","AZIONE - ITALIA VIVA - CALENDA","MASSIMO VITRANI"
"TOSCANA","TOSCANA - U02","ALLEANZA VERDI E SINISTRA","ANDREA MARCUCCI"
"TOSCANA","TOSCANA - U02","IMPEGNO CIVICO LUIGI DI MAIO - CENTRO DEMOCRATICO","ANDREA MARCUCCI"
"TOSCANA","TOSCANA - U02","PARTITO DEMOCRATICO - ITALIA DEMOCRATICA E PROGRESSISTA","ANDREA MARCUCCI"
"TOSCANA","TOSCANA - U02","+EUROPA","ANDREA MARCUCCI"
"TOSCANA","TOSCANA - U02","UNIONE POPOLARE CON DE MAGISTRIS","GIOVANNI BRUNO"
"TOSCANA","TOSCANA - U02","VITA","SABRINA GIOVANNONI"
"TOSCANA","TOSCANA - U02","PARTITO COMUNISTA ITALIANO","PATRIZIO ANDREOLI"
"TOSCANA","TOSCANA - U02","ITALEXIT PER L'ITALIA","CINZIA DEL BIGALLO"
"TOSCANA","TOSCANA - U02","FRATELLI D'ITALIA CON GIORGIA MELONI","MANFREDI POTENTI"
"TOSCANA","TOSCANA - U02","FORZA ITALIA","MANFREDI POTENTI"
"TOSCANA","TOSCANA - U02","NOI MODERATI/LUPI - TOTI - BRUGNARO - UDC","MANFREDI POTENTI"
"TOSCANA","TOSCANA - U02","LEGA PER SALVINI PREMIER","MANFREDI POTENTI"
"TOSCANA","TOSCANA - U02","ITALIA SOVRANA E POPOLARE","GIOVANNI BACCIARDI"
"TOSCANA","TOSCANA - U03","MOVIMENTO 5 STELLE","MANUELA BELLANDI"
"TOSCANA","TOSCANA - U03","AZIONE - ITALIA VIVA - CALENDA","BARBARA MASINI"
"TOSCANA","TOSCANA - U03","ALLEANZA VERDI E SINISTRA","ANNA GRAZIANI"
"TOSCANA","TOSCANA - U03","IMPEGNO CIVICO LUIGI DI MAIO - CENTRO DEMOCRATICO","ANNA GRAZIANI"
"TOSCANA","TOSCANA - U03","PARTITO DEMOCRATICO - ITALIA DEMOCRATICA E PROGRESSISTA","ANNA GRAZIANI"
"TOSCANA","TOSCANA - U03","+EUROPA","ANNA GRAZIANI"
"TOSCANA","TOSCANA - U03","UNIONE POPOLARE CON DE MAGISTRIS","RIGOLETTA VINCENTI"
"TOSCANA","TOSCANA - U03","VITA","MARCO SANTERO"
"TOSCANA","TOSCANA - U03","PARTITO COMUNISTA ITALIANO","DEBORA BIANCHINI"
"TOSCANA","TOSCANA - U03","ITALEXIT PER L'ITALIA","MONICA CASTRO PIVETTA"
"TOSCANA","TOSCANA - U03","FRATELLI D'ITALIA CON GIORGIA MELONI","PATRIZIO GIACOMO LA PIETRA"
"TOSCANA","TOSCANA - U03","FORZA ITALIA","PATRIZIO GIACOMO LA PIETRA"
"TOSCANA","TOSCANA - U03","NOI MODERATI/LUPI - TOTI - BRUGNARO - UDC","PATRIZIO GIACOMO LA PIETRA"
"TOSCANA","TOSCANA - U03","LEGA PER SALVINI PREMIER","PATRIZIO GIACOMO LA PIETRA"
"TOSCANA","TOSCANA - U03","ITALIA SOVRANA E POPOLARE","DINA CIANELLI"
"TOSCANA","TOSCANA - U04","MOVIMENTO 5 STELLE","CLAUDIO CANTELLA"
"TOSCANA","TOSCANA - U04","AZIONE - ITALIA VIVA - CALENDA","STEFANIA SACCARDI"
"TOSCANA","TOSCANA - U04","ALLEANZA VERDI E SINISTRA","ILARIA CUCCHI"
"TOSCANA","TOSCANA - U04","IMPEGNO CIVICO LUIGI DI MAIO - CENTRO DEMOCRATICO","ILARIA CUCCHI"
"TOSCANA","TOSCANA - U04","PARTITO DEMOCRATICO - ITALIA DEMOCRATICA E PROGRESSISTA","ILARIA CUCCHI"
"TOSCANA","TOSCANA - U04","+EUROPA","ILARIA CUCCHI"
"TOSCANA","TOSCANA - U04","UNIONE POPOLARE CON DE MAGISTRIS","FRANCESCA CONTI"
"TOSCANA","TOSCANA - U04","VITA","VANDA CIAIOLA"
"TOSCANA","TOSCANA - U04","PARTITO COMUNISTA ITALIANO","ANNAMARIA ZISA"
"TOSCANA","TOSCANA - U04","ITALEXIT PER L'ITALIA","GUGLIELMO MOSSUTO"
"TOSCANA","TOSCANA - U04","FRATELLI D'ITALIA CON GIORGIA MELONI","FEDERICA PICCHI"
"TOSCANA","TOSCANA - U04","FORZA ITALIA","FEDERICA PICCHI"
"TOSCANA","TOSCANA - U04","NOI MODERATI/LUPI - TOTI - BRUGNARO - UDC","FEDERICA PICCHI"
"TOSCANA","TOSCANA - U04","LEGA PER SALVINI PREMIER","FEDERICA PICCHI"
"TOSCANA","TOSCANA - U04","ITALIA SOVRANA E POPOLARE","MAURIZIO ROMANI"
"ITALIA","VALLE D'AOSTA - U01","PARTITO COMUNISTA ITALIANO","GIOVANNI GUGLIELMO LERAY"
"ITALIA","VALLE D'AOSTA - U01","VALL?E D?AOSTE ? AUTONOMIE PROGR?S F?D?RALISME","PATRIK VESAN"
"ITALIA","VALLE D'AOSTA - U01","VALLE D'AOSTA APERTA","DARIA PULZ"
"ITALIA","VALLE D'AOSTA - U01","ITALIA SOVRANA E POPOLARE","ALESSANDRO BICHINI"
"ITALIA","VALLE D'AOSTA - U01","UNIONE POPOLARE CON DE MAGISTRIS","FRANCESCO, MARIA, GIUSEPPE, CARLO LUCAT"
"ITALIA","VALLE D'AOSTA - U01","LEGA PER SALVINI PREMIER - FORZA ITALIA - NOI MODERATI - FRATELLI D'ITALIA","NICOLETTA SPELGATTI"
"ITALIA","VALLE D'AOSTA - U01","VITA","LARISA BARGAN"
"ITALIA","VALLE D'AOSTA - U01","POUR L?AUTONOMIE ? PER L?AUTONOMIA","AUGUSTO ROLLANDIN"
"ITALIA","TRENTINO-ALTO ADIGE/S?DTIROL - U01","MOVIMENTO 5 STELLE","PAOLO MINOTTO"
"ITALIA","TRENTINO-ALTO ADIGE/S?DTIROL - U01","S?DTIROLER VOLKSPARTEI (SVP) - PATT","PATRIZIA PACE"
"ITALIA","TRENTINO-ALTO ADIGE/S?DTIROL - U01","ITALIA SOVRANA E POPOLARE","MATTIA MAISTRI"
"ITALIA","TRENTINO-ALTO ADIGE/S?DTIROL - U01","UNIONE POPOLARE CON DE MAGISTRIS","VALERIA ALLOCATI"
"ITALIA","TRENTINO-ALTO ADIGE/S?DTIROL - U01","CAMPOBASE - +EUROPA - ALLEANZA VERDI E SINISTRA ? PD - AZIONE-ITALIA VIVA","PIETRO PATTON"
"ITALIA","TRENTINO-ALTO ADIGE/S?DTIROL - U01","LEGA PER SALVINI PREMIER - FORZA ITALIA - NOI MODERATI - FRATELLI D'ITALIA","MARTINA LOSS"
"ITALIA","TRENTINO-ALTO ADIGE/S?DTIROL - U02","MOVIMENTO 5 STELLE","GIULIO ANGELINI"
"ITALIA","TRENTINO-ALTO ADIGE/S?DTIROL - U02","VITA","SUSANNA FANTINI"
"ITALIA","TRENTINO-ALTO ADIGE/S?DTIROL - U02","S?DTIROLER VOLKSPARTEI (SVP) - PATT","STEFANO BRESCIANI"
"ITALIA","TRENTINO-ALTO ADIGE/S?DTIROL - U02","ITALIA SOVRANA E POPOLARE","GIOVANNA GIUGNI"
"ITALIA","TRENTINO-ALTO ADIGE/S?DTIROL - U02","UNIONE POPOLARE CON DE MAGISTRIS","CLAUDIO DELLA VOLPE"
"ITALIA","TRENTINO-ALTO ADIGE/S?DTIROL - U02","CAMPOBASE - +EUROPA - ALLEANZA VERDI E SINISTRA ? PD - AZIONE-ITALIA VIVA","DONATELLA CONZATTI"
"ITALIA","TRENTINO-ALTO ADIGE/S?DTIROL - U02","LEGA PER SALVINI PREMIER - FORZA ITALIA - NOI MODERATI - FRATELLI D'ITALIA","MICHAELA BIANCOFIORE"
"ITALIA","TRENTINO-ALTO ADIGE/S?DTIROL - U03","MOVIMENTO 5 STELLE","ROSA MICHELA RIZZI"
"ITALIA","TRENTINO-ALTO ADIGE/S?DTIROL - U03","S?DTIROLER VOLKSPARTEI (SVP) - PATT","ROBERTA BERGAMO"
"ITALIA","TRENTINO-ALTO ADIGE/S?DTIROL - U03","ITALIA SOVRANA E POPOLARE","ROBERTO CAPPELLETTI"
"ITALIA","TRENTINO-ALTO ADIGE/S?DTIROL - U03","UNIONE POPOLARE CON DE MAGISTRIS","GIULIANO PANTANO"
"ITALIA","TRENTINO-ALTO ADIGE/S?DTIROL - U03","CAMPOBASE - +EUROPA - ALLEANZA VERDI E SINISTRA ? PD - AZIONE-ITALIA VIVA","MICHELE SARTORI"
"ITALIA","TRENTINO-ALTO ADIGE/S?DTIROL - U03","LEGA PER SALVINI PREMIER - FORZA ITALIA - NOI MODERATI - FRATELLI D'ITALIA","ELENA TESTOR"
"ITALIA","TRENTINO-ALTO ADIGE/S?DTIROL - U04","MOVIMENTO 5 STELLE","RENZO RONCAT"
"ITALIA","TRENTINO-ALTO ADIGE/S?DTIROL - U04","VITA","HANNES LOACKER"
"ITALIA","TRENTINO-ALTO ADIGE/S?DTIROL - U04","AZIONE - ITALIA VIVA - CALENDA","STEFANIA GANDER"
"ITALIA","TRENTINO-ALTO ADIGE/S?DTIROL - U04","S?DTIROLER VOLKSPARTEI (SVP) - PATT","MANFRED MAYR"
"ITALIA","TRENTINO-ALTO ADIGE/S?DTIROL - U04","PARTITO DEMOCRATICO - +EUROPA - ALLEANZA VERDI E SINISTRA","LUIGI SPAGNOLLI"
"ITALIA","TRENTINO-ALTO ADIGE/S?DTIROL - U04","ITALIA SOVRANA E POPOLARE","IVO FIORENZA"
"ITALIA","TRENTINO-ALTO ADIGE/S?DTIROL - U04","UNIONE POPOLARE CON DE MAGISTRIS","MICHELANGELO ZANGHI"
"ITALIA","TRENTINO-ALTO ADIGE/S?DTIROL - U04","LEGA PER SALVINI PREMIER - FORZA ITALIA - NOI MODERATI - FRATELLI D'ITALIA","MAURIZIO BOSATRA"
"ITALIA","TRENTINO-ALTO ADIGE/S?DTIROL - U04","DIE FREIHEITLICHEN","OTTO MAHLKNECHT"
"ITALIA","TRENTINO-ALTO ADIGE/S?DTIROL - U05","PARTITO DEMOCRATICO - ITALIA DEMOCRATICA E PROGRESSISTA","DANIELA ROSSI"
"ITALIA","TRENTINO-ALTO ADIGE/S?DTIROL - U05","ALLEANZA VERDI E SINISTRA","MARLENE MESSNER"
"ITALIA","TRENTINO-ALTO ADIGE/S?DTIROL - U05","MOVIMENTO 5 STELLE","FRANCESCA MORRONE"
"ITALIA","TRENTINO-ALTO ADIGE/S?DTIROL - U05","VITA","SUSANNA SINGER"
"ITALIA","TRENTINO-ALTO ADIGE/S?DTIROL - U05","AZIONE - ITALIA VIVA - CALENDA","GIOVANNA VALENTINI"
"ITALIA","TRENTINO-ALTO ADIGE/S?DTIROL - U05","S?DTIROLER VOLKSPARTEI (SVP) - PATT","JULIANE UNTERBERGER"
"ITALIA","TRENTINO-ALTO ADIGE/S?DTIROL - U05","TEAM K","MARKUS HAFNER"
"ITALIA","TRENTINO-ALTO ADIGE/S?DTIROL - U05","LEGA PER SALVINI PREMIER - FORZA ITALIA - NOI MODERATI - FRATELLI D'ITALIA","RITA MATTEI"
"ITALIA","TRENTINO-ALTO ADIGE/S?DTIROL - U05","DIE FREIHEITLICHEN","SABINE ZODERER"
"ITALIA","TRENTINO-ALTO ADIGE/S?DTIROL - U06","PARTITO DEMOCRATICO - ITALIA DEMOCRATICA E PROGRESSISTA","RENATE PRADER"
"ITALIA","TRENTINO-ALTO ADIGE/S?DTIROL - U06","ALLEANZA VERDI E SINISTRA","HANS HEISS"
"ITALIA","TRENTINO-ALTO ADIGE/S?DTIROL - U06","MOVIMENTO 5 STELLE","MARKUS FALK"
"ITALIA","TRENTINO-ALTO ADIGE/S?DTIROL - U06","VITA","RUDOLF SCHOEPF"
"ITALIA","TRENTINO-ALTO ADIGE/S?DTIROL - U06","AZIONE - ITALIA VIVA - CALENDA","MASSIMO RAPI"
"ITALIA","TRENTINO-ALTO ADIGE/S?DTIROL - U06","S?DTIROLER VOLKSPARTEI (SVP) - PATT","MEINHARD DURNWALDER"
"ITALIA","TRENTINO-ALTO ADIGE/S?DTIROL - U06","TEAM K","MONIKA SENFTER"
"ITALIA","TRENTINO-ALTO ADIGE/S?DTIROL - U06","LEGA PER SALVINI PREMIER - FORZA ITALIA - NOI MODERATI - FRATELLI D'ITALIA","ANDREA CAUSIN"
"ITALIA","TRENTINO-ALTO ADIGE/S?DTIROL - U06","DIE FREIHEITLICHEN","ULLI MAIR"
"UMBRIA","UMBRIA - U01","ALLEANZA VERDI E SINISTRA","FEDERICO NOVELLI"
"UMBRIA","UMBRIA - U01","IMPEGNO CIVICO LUIGI DI MAIO - CENTRO DEMOCRATICO","FEDERICO NOVELLI"
"UMBRIA","UMBRIA - U01","PARTITO DEMOCRATICO - ITALIA DEMOCRATICA E PROGRESSISTA","FEDERICO NOVELLI"
"UMBRIA","UMBRIA - U01","+EUROPA","FEDERICO NOVELLI"
"UMBRIA","UMBRIA - U01","MOVIMENTO 5 STELLE","FEDERICO PASCULLI"
"UMBRIA","UMBRIA - U01","AZIONE - ITALIA VIVA - CALENDA","DONATELLA PORZI"
"UMBRIA","UMBRIA - U01","PARTITO COMUNISTA ITALIANO","CARLO ROMAGNOLI"
"UMBRIA","UMBRIA - U01","ITALEXIT PER L'ITALIA","ANGELO BALDINELLI"
"UMBRIA","UMBRIA - U01","ITALIA SOVRANA E POPOLARE","FRANCESCO SCIAMANNINI"
"UMBRIA","UMBRIA - U01","NOI MODERATI/LUPI - TOTI - BRUGNARO - UDC","FRANCESCO ZAFFINI"
"UMBRIA","UMBRIA - U01","FRATELLI D'ITALIA CON GIORGIA MELONI","FRANCESCO ZAFFINI"
"UMBRIA","UMBRIA - U01","FORZA ITALIA","FRANCESCO ZAFFINI"
"UMBRIA","UMBRIA - U01","LEGA PER SALVINI PREMIER","FRANCESCO ZAFFINI"
"UMBRIA","UMBRIA - U01","UNIONE POPOLARE CON DE MAGISTRIS","AUGUSTO MANGONI"
"UMBRIA","UMBRIA - U01","VITA","MARINELLA GIULIETTI"
"MARCHE","MARCHE - U01","ITALIA SOVRANA E POPOLARE","FILIPPO PANNELLI"
"MARCHE","MARCHE - U01","NOI MODERATI/LUPI - TOTI - BRUGNARO - UDC","ELENA LEONARDI"
"MARCHE","MARCHE - U01","FORZA ITALIA","ELENA LEONARDI"
"MARCHE","MARCHE - U01","FRATELLI D'ITALIA CON GIORGIA MELONI","ELENA LEONARDI"
"MARCHE","MARCHE - U01","LEGA PER SALVINI PREMIER","ELENA LEONARDI"
"MARCHE","MARCHE - U01","ITALEXIT PER L'ITALIA","ANDREA SPALLETTI"
"MARCHE","MARCHE - U01","MOVIMENTO 5 STELLE","ROBERTO CATALDI"
"MARCHE","MARCHE - U01","UNIONE POPOLARE CON DE MAGISTRIS","ELENA COMPAGNUCCI"
"MARCHE","MARCHE - U01","PARTITO COMUNISTA ITALIANO","DANILO BERARDI"
"MARCHE","MARCHE - U01","VITA","GIULIANA VENTURINI"
"MARCHE","MARCHE - U01","+EUROPA","MIRELLA GATTARI"
"MARCHE","MARCHE - U01","ALLEANZA VERDI E SINISTRA","MIRELLA GATTARI"
"MARCHE","MARCHE - U01","IMPEGNO CIVICO LUIGI DI MAIO - CENTRO DEMOCRATICO","MIRELLA GATTARI"
"MARCHE","MARCHE - U01","PARTITO DEMOCRATICO - ITALIA DEMOCRATICA E PROGRESSISTA","MIRELLA GATTARI"
"MARCHE","MARCHE - U01","AZIONE - ITALIA VIVA - CALENDA","FABIO URBINATI"
"MARCHE","MARCHE - U01","ALTERNATIVA PER L'ITALIA - NO GREEN PASS","CRISTIANA DI STEFANO"
"MARCHE","MARCHE - U02","ITALIA SOVRANA E POPOLARE","PAOLA RAPONI"
"MARCHE","MARCHE - U02","NOI MODERATI/LUPI - TOTI - BRUGNARO - UDC","ANTONIO DE POLI"
"MARCHE","MARCHE - U02","FORZA ITALIA","ANTONIO DE POLI"
"MARCHE","MARCHE - U02","FRATELLI D'ITALIA CON GIORGIA MELONI","ANTONIO DE POLI"
"MARCHE","MARCHE - U02","LEGA PER SALVINI PREMIER","ANTONIO DE POLI"
"MARCHE","MARCHE - U02","ITALEXIT PER L'ITALIA","EMANUELA MERLI"
"MARCHE","MARCHE - U02","MOVIMENTO 5 STELLE","SAMUELA MELINI"
"MARCHE","MARCHE - U02","UNIONE POPOLARE CON DE MAGISTRIS","MARCO BINI"
"MARCHE","MARCHE - U02","PARTITO COMUNISTA ITALIANO","STEFANIA SETTIMI"
"MARCHE","MARCHE - U02","VITA","MARCO PALANGHI"
"MARCHE","MARCHE - U02","+EUROPA","MARCO BENTIVOGLI"
"MARCHE","MARCHE - U02","ALLEANZA VERDI E SINISTRA","MARCO BENTIVOGLI"
"MARCHE","MARCHE - U02","IMPEGNO CIVICO LUIGI DI MAIO - CENTRO DEMOCRATICO","MARCO BENTIVOGLI"
"MARCHE","MARCHE - U02","PARTITO DEMOCRATICO - ITALIA DEMOCRATICA E PROGRESSISTA","MARCO BENTIVOGLI"
"MARCHE","MARCHE - U02","AZIONE - ITALIA VIVA - CALENDA","ELENA FABBRI"
"MARCHE","MARCHE - U02","ALTERNATIVA PER L'ITALIA - NO GREEN PASS","GABRIELE CINTI"
"LAZIO","LAZIO - U02","ITALIA SOVRANA E POPOLARE","MANUELA LOMEO"
"LAZIO","LAZIO - U02","FRATELLI D'ITALIA CON GIORGIA MELONI","LAVINIA MENNUNI"
"LAZIO","LAZIO - U02","FORZA ITALIA","LAVINIA MENNUNI"
"LAZIO","LAZIO - U02","LEGA PER SALVINI PREMIER","LAVINIA MENNUNI"
"LAZIO","LAZIO - U02","NOI MODERATI/LUPI - TOTI - BRUGNARO - UDC","LAVINIA MENNUNI"
"LAZIO","LAZIO - U02","ITALEXIT PER L'ITALIA","BRUNA  MALASCHINI"
"LAZIO","LAZIO - U02","UNIONE POPOLARE CON DE MAGISTRIS","FRANCESCA ANNA PERRI"
"LAZIO","LAZIO - U02","VITA","CLAUDIA PAGANELLI"
"LAZIO","LAZIO - U02","AZIONE - ITALIA VIVA - CALENDA","CARLO CALENDA"
"LAZIO","LAZIO - U02","MOVIMENTO 5 STELLE","ALESSANDRA MAIORINO"
"LAZIO","LAZIO - U02","PARTITO COMUNISTA ITALIANO","BRUNO STERI"
"LAZIO","LAZIO - U02","+EUROPA","EMMA BONINO"
"LAZIO","LAZIO - U02","PARTITO DEMOCRATICO - ITALIA DEMOCRATICA E PROGRESSISTA","EMMA BONINO"
"LAZIO","LAZIO - U02","IMPEGNO CIVICO LUIGI DI MAIO - CENTRO DEMOCRATICO","EMMA BONINO"
"LAZIO","LAZIO - U02","ALLEANZA VERDI E SINISTRA","EMMA BONINO"
"LAZIO","LAZIO - U02","ALTERNATIVA PER L'ITALIA - NO GREEN PASS","MARIO ADINOLFI"
"LAZIO","LAZIO - U03","ITALIA SOVRANA E POPOLARE","ENZO PENNETTA"
"LAZIO","LAZIO - U03","FRATELLI D'ITALIA CON GIORGIA MELONI","GIULIA BONGIORNO"
"LAZIO","LAZIO - U03","FORZA ITALIA","GIULIA BONGIORNO"
"LAZIO","LAZIO - U03","LEGA PER SALVINI PREMIER","GIULIA BONGIORNO"
"LAZIO","LAZIO - U03","NOI MODERATI/LUPI - TOTI - BRUGNARO - UDC","GIULIA BONGIORNO"
"LAZIO","LAZIO - U03","ITALEXIT PER L'ITALIA","FELICE ANDREA TOTARO"
"LAZIO","LAZIO - U03","UNIONE POPOLARE CON DE MAGISTRIS","MARIA VITTORIA MOLINARI"
"LAZIO","LAZIO - U03","VITA","CESARE FRENI"
"LAZIO","LAZIO - U03","AZIONE - ITALIA VIVA - CALENDA","LIVIA PANDOLFI"
"LAZIO","LAZIO - U03","MOVIMENTO 5 STELLE","GIUSEPPE CRACCHIOLO"
"LAZIO","LAZIO - U03","PARTITO COMUNISTA ITALIANO","LAURA BORGARUCCI"
"LAZIO","LAZIO - U03","+EUROPA","ANDREA CATARCI"
"LAZIO","LAZIO - U03","PARTITO DEMOCRATICO - ITALIA DEMOCRATICA E PROGRESSISTA","ANDREA CATARCI"
"LAZIO","LAZIO - U03","IMPEGNO CIVICO LUIGI DI MAIO - CENTRO DEMOCRATICO","ANDREA CATARCI"
"LAZIO","LAZIO - U03","ALLEANZA VERDI E SINISTRA","ANDREA CATARCI"
"LAZIO","LAZIO - U03","ALTERNATIVA PER L'ITALIA - NO GREEN PASS","CLAUDIO MATTEODA"
"LAZIO","LAZIO - U04","ITALIA SOVRANA E POPOLARE","MARZIA COLITTI"
"LAZIO","LAZIO - U04","FRATELLI D'ITALIA CON GIORGIA MELONI","ESTER MIELI"
"LAZIO","LAZIO - U04","FORZA ITALIA","ESTER MIELI"
"LAZIO","LAZIO - U04","LEGA PER SALVINI PREMIER","ESTER MIELI"
"LAZIO","LAZIO - U04","NOI MODERATI/LUPI - TOTI - BRUGNARO - UDC","ESTER MIELI"
"LAZIO","LAZIO - U04","ITALEXIT PER L'ITALIA","MARIO IMPROTA"
"LAZIO","LAZIO - U04","UNIONE POPOLARE CON DE MAGISTRIS","STEFANIA ALESSANDRINI"
"LAZIO","LAZIO - U04","VITA","GUERRINO FAIETA"
"LAZIO","LAZIO - U04","AZIONE - ITALIA VIVA - CALENDA","MARIA RITA IORIO"
"LAZIO","LAZIO - U04","MOVIMENTO 5 STELLE","GIULIA LUPO"
"LAZIO","LAZIO - U04","PARTITO COMUNISTA ITALIANO","CRISTINA CIRILLO"
"LAZIO","LAZIO - U04","+EUROPA","MONICA CIRINNA'"
"LAZIO","LAZIO - U04","PARTITO DEMOCRATICO - ITALIA DEMOCRATICA E PROGRESSISTA","MONICA CIRINNA'"
"LAZIO","LAZIO - U04","IMPEGNO CIVICO LUIGI DI MAIO - CENTRO DEMOCRATICO","MONICA CIRINNA'"
"LAZIO","LAZIO - U04","ALLEANZA VERDI E SINISTRA","MONICA CIRINNA'"
"LAZIO","LAZIO - U04","ALTERNATIVA PER L'ITALIA - NO GREEN PASS","ELEONORA ANTONUCCI"
"LAZIO","LAZIO - U01","ITALIA SOVRANA E POPOLARE","ANDREA ALQUATI"
"LAZIO","LAZIO - U01","FRATELLI D'ITALIA CON GIORGIA MELONI","CLAUDIO DURIGON"
"LAZIO","LAZIO - U01","FORZA ITALIA","CLAUDIO DURIGON"
"LAZIO","LAZIO - U01","LEGA PER SALVINI PREMIER","CLAUDIO DURIGON"
"LAZIO","LAZIO - U01","NOI MODERATI/LUPI - TOTI - BRUGNARO - UDC","CLAUDIO DURIGON"
"LAZIO","LAZIO - U01","ITALEXIT PER L'ITALIA","PAOLO  CIPOLLONE"
"LAZIO","LAZIO - U01","UNIONE POPOLARE CON DE MAGISTRIS","IVANO PEDUZZI"
"LAZIO","LAZIO - U01","VITA","OMBRETTA DEL MONTE"
"LAZIO","LAZIO - U01","AZIONE - ITALIA VIVA - CALENDA","ALESSANDRO STERPA"
"LAZIO","LAZIO - U01","MOVIMENTO 5 STELLE","MASSIMO ERBETTI"
"LAZIO","LAZIO - U01","PARTITO COMUNISTA ITALIANO","ARNALDO MARCHETTI DETTO NANDO"
"LAZIO","LAZIO - U01","+EUROPA","ALESSANDRO MAZZOLI"
"LAZIO","LAZIO - U01","PARTITO DEMOCRATICO - ITALIA DEMOCRATICA E PROGRESSISTA","ALESSANDRO MAZZOLI"
"LAZIO","LAZIO - U01","IMPEGNO CIVICO LUIGI DI MAIO - CENTRO DEMOCRATICO","ALESSANDRO MAZZOLI"
"LAZIO","LAZIO - U01","ALLEANZA VERDI E SINISTRA","ALESSANDRO MAZZOLI"
"LAZIO","LAZIO - U01","ALTERNATIVA PER L'ITALIA - NO GREEN PASS","MARIA RITA MARINETTI"
"LAZIO","LAZIO - U05","ITALIA SOVRANA E POPOLARE","EMANUELE DESSI'"
"LAZIO","LAZIO - U05","FRATELLI D'ITALIA CON GIORGIA MELONI","MARCO SILVESTRONI"
"LAZIO","LAZIO - U05","FORZA ITALIA","MARCO SILVESTRONI"
"LAZIO","LAZIO - U05","LEGA PER SALVINI PREMIER","MARCO SILVESTRONI"
"LAZIO","LAZIO - U05","NOI MODERATI/LUPI - TOTI - BRUGNARO - UDC","MARCO SILVESTRONI"
"LAZIO","LAZIO - U05","ITALEXIT PER L'ITALIA","MONICA NOBILI"
"LAZIO","LAZIO - U05","UNIONE POPOLARE CON DE MAGISTRIS","MARCO BIZZONI"
"LAZIO","LAZIO - U05","VITA","CRISTIANO FUDULI"
"LAZIO","LAZIO - U05","AZIONE - ITALIA VIVA - CALENDA","ILEANA CATHIA PIAZZONI"
"LAZIO","LAZIO - U05","MOVIMENTO 5 STELLE","STEFANO CHIRICO"
"LAZIO","LAZIO - U05","PARTITO COMUNISTA ITALIANO","LUCIA ADDARIO"
"LAZIO","LAZIO - U05","+EUROPA","SERENA GARA"
"LAZIO","LAZIO - U05","PARTITO DEMOCRATICO - ITALIA DEMOCRATICA E PROGRESSISTA","SERENA GARA"
"LAZIO","LAZIO - U05","IMPEGNO CIVICO LUIGI DI MAIO - CENTRO DEMOCRATICO","SERENA GARA"
"LAZIO","LAZIO - U05","ALLEANZA VERDI E SINISTRA","SERENA GARA"
"LAZIO","LAZIO - U05","ALTERNATIVA PER L'ITALIA - NO GREEN PASS","PAOLA CALDARELLI"
"LAZIO","LAZIO - U06","ITALIA SOVRANA E POPOLARE","LUIGIA LOLLOBRIGIDA DETTA GINA"
"LAZIO","LAZIO - U06","FRATELLI D'ITALIA CON GIORGIA MELONI","CLAUDIO FAZZONE"
"LAZIO","LAZIO - U06","FORZA ITALIA","CLAUDIO FAZZONE"
"LAZIO","LAZIO - U06","LEGA PER SALVINI PREMIER","CLAUDIO FAZZONE"
"LAZIO","LAZIO - U06","NOI MODERATI/LUPI - TOTI - BRUGNARO - UDC","CLAUDIO FAZZONE"
"LAZIO","LAZIO - U06","ITALEXIT PER L'ITALIA","MARIATERESA BELLOFATTO"
"LAZIO","LAZIO - U06","UNIONE POPOLARE CON DE MAGISTRIS","DOMENICO CARCONE"
"LAZIO","LAZIO - U06","VITA","VIOLETTA TOMASSETTI"
"LAZIO","LAZIO - U06","AZIONE - ITALIA VIVA - CALENDA","ADAMO PANTANO"
"LAZIO","LAZIO - U06","MOVIMENTO 5 STELLE","ANNA SACCHETTI"
"LAZIO","LAZIO - U06","PARTITO COMUNISTA ITALIANO","EDOARDO CASTELLUCCI"
"LAZIO","LAZIO - U06","+EUROPA","SERGIO MESSORE"
"LAZIO","LAZIO - U06","PARTITO DEMOCRATICO - ITALIA DEMOCRATICA E PROGRESSISTA","SERGIO MESSORE"
"LAZIO","LAZIO - U06","IMPEGNO CIVICO LUIGI DI MAIO - CENTRO DEMOCRATICO","SERGIO MESSORE"
"LAZIO","LAZIO - U06","ALLEANZA VERDI E SINISTRA","SERGIO MESSORE"
"LAZIO","LAZIO - U06","ALTERNATIVA PER L'ITALIA - NO GREEN PASS","ROCCO D'ETTORRE"
"ABRUZZO","ABRUZZO - U01","IMPEGNO CIVICO LUIGI DI MAIO - CENTRO DEMOCRATICO","MASSIMO CARUGNO"
"ABRUZZO","ABRUZZO - U01","ALLEANZA VERDI E SINISTRA","MASSIMO CARUGNO"
"ABRUZZO","ABRUZZO - U01","PARTITO DEMOCRATICO - ITALIA DEMOCRATICA E PROGRESSISTA","MASSIMO CARUGNO"
"ABRUZZO","ABRUZZO - U01","+EUROPA","MASSIMO CARUGNO"
"ABRUZZO","ABRUZZO - U01","MOVIMENTO 5 STELLE","ISIDORO GIANLUCA MALANDRA"
"ABRUZZO","ABRUZZO - U01","ITALIA SOVRANA E POPOLARE","GIANLUCA BALDINI"
"ABRUZZO","ABRUZZO - U01","ITALEXIT PER L'ITALIA","ALDO DI BACCO"
"ABRUZZO","ABRUZZO - U01","UNIONE POPOLARE CON DE MAGISTRIS","RAFFAELE D'AGATA"
"ABRUZZO","ABRUZZO - U01","ALTERNATIVA PER L'ITALIA - NO GREEN PASS","LAURA  LEONE"
"ABRUZZO","ABRUZZO - U01","FORZA ITALIA","GUIDO QUINTINO LIRIS"
"ABRUZZO","ABRUZZO - U01","NOI MODERATI/LUPI - TOTI - BRUGNARO - UDC","GUIDO QUINTINO LIRIS"
"ABRUZZO","ABRUZZO - U01","FRATELLI D'ITALIA CON GIORGIA MELONI","GUIDO QUINTINO LIRIS"
"ABRUZZO","ABRUZZO - U01","LEGA PER SALVINI PREMIER","GUIDO QUINTINO LIRIS"
"ABRUZZO","ABRUZZO - U01","AZIONE - ITALIA VIVA - CALENDA","GIANFRANCO CLAUDIO FELICE GIULIANTE"
"ABRUZZO","ABRUZZO - U01","VITA","NINO BRUNO"
"MOLISE","MOLISE - U01","MOVIMENTO 5 STELLE","OTTAVIO ANTONIO BALDUCCI"
"MOLISE","MOLISE - U01","PARTITO DEMOCRATICO - ITALIA DEMOCRATICA E PROGRESSISTA","ROSSELLA GIANFAGNA"
"MOLISE","MOLISE - U01","IMPEGNO CIVICO LUIGI DI MAIO - CENTRO DEMOCRATICO","ROSSELLA GIANFAGNA"
"MOLISE","MOLISE - U01","+EUROPA","ROSSELLA GIANFAGNA"
"MOLISE","MOLISE - U01","ALLEANZA VERDI E SINISTRA","ROSSELLA GIANFAGNA"
"MOLISE","MOLISE - U01","FRATELLI D'ITALIA CON GIORGIA MELONI","CLAUDIO LOTITO"
"MOLISE","MOLISE - U01","FORZA ITALIA","CLAUDIO LOTITO"
"MOLISE","MOLISE - U01","NOI MODERATI/LUPI - TOTI - BRUGNARO - UDC","CLAUDIO LOTITO"
"MOLISE","MOLISE - U01","LEGA PER SALVINI PREMIER","CLAUDIO LOTITO"
"MOLISE","MOLISE - U01","ITALIA SOVRANA E POPOLARE","NICOLA LANZA"
"MOLISE","MOLISE - U01","AZIONE - ITALIA VIVA - CALENDA","CARLA GIAMMARIA"
"MOLISE","MOLISE - U01","UNIONE POPOLARE CON DE MAGISTRIS","ROSSANO PAZZAGLI"
"MOLISE","MOLISE - U01","MASTELLA NOI DI CENTRO EUROPEISTI","ANTONIO VISCO"
"CAMPANIA","CAMPANIA - U04","UNIONE POPOLARE CON DE MAGISTRIS","ELENA COCCIA"
"CAMPANIA","CAMPANIA - U04","+EUROPA","VALERIA VALENTE"
"CAMPANIA","CAMPANIA - U04","ALLEANZA VERDI E SINISTRA","VALERIA VALENTE"
"CAMPANIA","CAMPANIA - U04","IMPEGNO CIVICO LUIGI DI MAIO - CENTRO DEMOCRATICO","VALERIA VALENTE"
"CAMPANIA","CAMPANIA - U04","PARTITO DEMOCRATICO - ITALIA DEMOCRATICA E PROGRESSISTA","VALERIA VALENTE"
"CAMPANIA","CAMPANIA - U04","ITALEXIT PER L'ITALIA","ANGELA NITTOLO"
"CAMPANIA","CAMPANIA - U04","MOVIMENTO 5 STELLE","ADA LOPREIATO"
"CAMPANIA","CAMPANIA - U04","FORZA ITALIA","STEFANO CALDORO"
"CAMPANIA","CAMPANIA - U04","LEGA PER SALVINI PREMIER","STEFANO CALDORO"
"CAMPANIA","CAMPANIA - U04","FRATELLI D'ITALIA CON GIORGIA MELONI","STEFANO CALDORO"
"CAMPANIA","CAMPANIA - U04","NOI MODERATI/LUPI - TOTI - BRUGNARO - UDC","STEFANO CALDORO"
"CAMPANIA","CAMPANIA - U04","MASTELLA NOI DI CENTRO EUROPEISTI","MARIA GRAZIA CAMMAROTA"
"CAMPANIA","CAMPANIA - U04","AZIONE - ITALIA VIVA - CALENDA","GIUSEPPE RUSSO"
"CAMPANIA","CAMPANIA - U05","UNIONE POPOLARE CON DE MAGISTRIS","ANNA ORGANO DETTA ARIANNA"
"CAMPANIA","CAMPANIA - U05","+EUROPA","DAVIDE CRIPPA"
"CAMPANIA","CAMPANIA - U05","ALLEANZA VERDI E SINISTRA","DAVIDE CRIPPA"
"CAMPANIA","CAMPANIA - U05","IMPEGNO CIVICO LUIGI DI MAIO - CENTRO DEMOCRATICO","DAVIDE CRIPPA"
"CAMPANIA","CAMPANIA - U05","PARTITO DEMOCRATICO - ITALIA DEMOCRATICA E PROGRESSISTA","DAVIDE CRIPPA"
"CAMPANIA","CAMPANIA - U05","ITALEXIT PER L'ITALIA","MARIA ABATE"
"CAMPANIA","CAMPANIA - U05","MOVIMENTO 5 STELLE","MARIA DOMENICA CASTELLONE"
"CAMPANIA","CAMPANIA - U05","FORZA ITALIA","ELENA SCARLATO"
"CAMPANIA","CAMPANIA - U05","LEGA PER SALVINI PREMIER","ELENA SCARLATO"
"CAMPANIA","CAMPANIA - U05","FRATELLI D'ITALIA CON GIORGIA MELONI","ELENA SCARLATO"
"CAMPANIA","CAMPANIA - U05","NOI MODERATI/LUPI - TOTI - BRUGNARO - UDC","ELENA SCARLATO"
"CAMPANIA","CAMPANIA - U05","MASTELLA NOI DI CENTRO EUROPEISTI","GIUSEPPE BARRA"
"CAMPANIA","CAMPANIA - U05","AZIONE - ITALIA VIVA - CALENDA","VITTORIA CRISTIANO"
"CAMPANIA","CAMPANIA - U06","UNIONE POPOLARE CON DE MAGISTRIS","CLEMENTINA SASSO"
"CAMPANIA","CAMPANIA - U06","+EUROPA","ELEONORA DI NOCERA DETTA NORA"
"CAMPANIA","CAMPANIA - U06","ALLEANZA VERDI E SINISTRA","ELEONORA DI NOCERA DETTA NORA"
"CAMPANIA","CAMPANIA - U06","IMPEGNO CIVICO LUIGI DI MAIO - CENTRO DEMOCRATICO","ELEONORA DI NOCERA DETTA NORA"
"CAMPANIA","CAMPANIA - U06","PARTITO DEMOCRATICO - ITALIA DEMOCRATICA E PROGRESSISTA","ELEONORA DI NOCERA DETTA NORA"
"CAMPANIA","CAMPANIA - U06","ITALEXIT PER L'ITALIA","SALVATORE CARAVIELLO"
"CAMPANIA","CAMPANIA - U06","MOVIMENTO 5 STELLE","ORFEO MAZZELLA"
"CAMPANIA","CAMPANIA - U06","FORZA ITALIA","GIUSEPPINA CASTIELLO"
"CAMPANIA","CAMPANIA - U06","LEGA PER SALVINI PREMIER","GIUSEPPINA CASTIELLO"
"CAMPANIA","CAMPANIA - U06","FRATELLI D'ITALIA CON GIORGIA MELONI","GIUSEPPINA CASTIELLO"
"CAMPANIA","CAMPANIA - U06","NOI MODERATI/LUPI - TOTI - BRUGNARO - UDC","GIUSEPPINA CASTIELLO"
"CAMPANIA","CAMPANIA - U06","MASTELLA NOI DI CENTRO EUROPEISTI","STEFANIA ROSSI"
"CAMPANIA","CAMPANIA - U06","AZIONE - ITALIA VIVA - CALENDA","MARIO SCOGNAMIGLIO"
"CAMPANIA","CAMPANIA - U07","UNIONE POPOLARE CON DE MAGISTRIS","FRANCESCO BRUNO"
"CAMPANIA","CAMPANIA - U07","+EUROPA","LEONARDO IMPEGNO"
"CAMPANIA","CAMPANIA - U07","ALLEANZA VERDI E SINISTRA","LEONARDO IMPEGNO"
"CAMPANIA","CAMPANIA - U07","IMPEGNO CIVICO LUIGI DI MAIO - CENTRO DEMOCRATICO","LEONARDO IMPEGNO"
"CAMPANIA","CAMPANIA - U07","PARTITO DEMOCRATICO - ITALIA DEMOCRATICA E PROGRESSISTA","LEONARDO IMPEGNO"
"CAMPANIA","CAMPANIA - U07","ITALEXIT PER L'ITALIA","NICOLA MASSIMO"
"CAMPANIA","CAMPANIA - U07","MOVIMENTO 5 STELLE","RAFFAELE DE ROSA"
"CAMPANIA","CAMPANIA - U07","FORZA ITALIA","CLAUDIO BARBARO"
"CAMPANIA","CAMPANIA - U07","LEGA PER SALVINI PREMIER","CLAUDIO BARBARO"
"CAMPANIA","CAMPANIA - U07","FRATELLI D'ITALIA CON GIORGIA MELONI","CLAUDIO BARBARO"
"CAMPANIA","CAMPANIA - U07","NOI MODERATI/LUPI - TOTI - BRUGNARO - UDC","CLAUDIO BARBARO"
"CAMPANIA","CAMPANIA - U07","MASTELLA NOI DI CENTRO EUROPEISTI","PIA FEDI"
"CAMPANIA","CAMPANIA - U07","AZIONE - ITALIA VIVA - CALENDA","ANNARITA DI PALMA"
"CAMPANIA","CAMPANIA - U01","UNIONE POPOLARE CON DE MAGISTRIS","RENATO DELLE FEMMINE"
"CAMPANIA","CAMPANIA - U01","+EUROPA","TOMMASO DE SIMONE"
"CAMPANIA","CAMPANIA - U01","ALLEANZA VERDI E SINISTRA","TOMMASO DE SIMONE"
"CAMPANIA","CAMPANIA - U01","IMPEGNO CIVICO LUIGI DI MAIO - CENTRO DEMOCRATICO","TOMMASO DE SIMONE"
"CAMPANIA","CAMPANIA - U01","PARTITO DEMOCRATICO - ITALIA DEMOCRATICA E PROGRESSISTA","TOMMASO DE SIMONE"
"CAMPANIA","CAMPANIA - U01","ITALEXIT PER L'ITALIA","LETIZIA  D'ONOFRIO"
"CAMPANIA","CAMPANIA - U01","MOVIMENTO 5 STELLE","ANTONIO DEL MONACO"
"CAMPANIA","CAMPANIA - U01","FORZA ITALIA","GIOVANNA PETRENGA"
"CAMPANIA","CAMPANIA - U01","LEGA PER SALVINI PREMIER","GIOVANNA PETRENGA"
"CAMPANIA","CAMPANIA - U01","FRATELLI D'ITALIA CON GIORGIA MELONI","GIOVANNA PETRENGA"
"CAMPANIA","CAMPANIA - U01","NOI MODERATI/LUPI - TOTI - BRUGNARO - UDC","GIOVANNA PETRENGA"
"CAMPANIA","CAMPANIA - U01","MASTELLA NOI DI CENTRO EUROPEISTI","MICHELE DI STASIO"
"CAMPANIA","CAMPANIA - U01","AZIONE - ITALIA VIVA - CALENDA","OVIDIO MARZAIOLI"
"CAMPANIA","CAMPANIA - U02","UNIONE POPOLARE CON DE MAGISTRIS","TIZIANA SALVETTI"
"CAMPANIA","CAMPANIA - U02","+EUROPA","CARLO IANNACE"
"CAMPANIA","CAMPANIA - U02","ALLEANZA VERDI E SINISTRA","CARLO IANNACE"
"CAMPANIA","CAMPANIA - U02","IMPEGNO CIVICO LUIGI DI MAIO - CENTRO DEMOCRATICO","CARLO IANNACE"
"CAMPANIA","CAMPANIA - U02","PARTITO DEMOCRATICO - ITALIA DEMOCRATICA E PROGRESSISTA","CARLO IANNACE"
"CAMPANIA","CAMPANIA - U02","ITALEXIT PER L'ITALIA","TERESA CAPUTO"
"CAMPANIA","CAMPANIA - U02","MOVIMENTO 5 STELLE","MAURA SARNO"
"CAMPANIA","CAMPANIA - U02","FORZA ITALIA","GIULIA COSENZA"
"CAMPANIA","CAMPANIA - U02","LEGA PER SALVINI PREMIER","GIULIA COSENZA"
"CAMPANIA","CAMPANIA - U02","FRATELLI D'ITALIA CON GIORGIA MELONI","GIULIA COSENZA"
"CAMPANIA","CAMPANIA - U02","NOI MODERATI/LUPI - TOTI - BRUGNARO - UDC","GIULIA COSENZA"
"CAMPANIA","CAMPANIA - U02","MASTELLA NOI DI CENTRO EUROPEISTI","ARMANDO ROCCO"
"CAMPANIA","CAMPANIA - U02","AZIONE - ITALIA VIVA - CALENDA","FRANCESCA MITE"
"CAMPANIA","CAMPANIA - U03","UNIONE POPOLARE CON DE MAGISTRIS","LORENZO FORTE"
"CAMPANIA","CAMPANIA - U03","+EUROPA","ANNA PETRONE"
"CAMPANIA","CAMPANIA - U03","ALLEANZA VERDI E SINISTRA","ANNA PETRONE"
"CAMPANIA","CAMPANIA - U03","IMPEGNO CIVICO LUIGI DI MAIO - CENTRO DEMOCRATICO","ANNA PETRONE"
"CAMPANIA","CAMPANIA - U03","PARTITO DEMOCRATICO - ITALIA DEMOCRATICA E PROGRESSISTA","ANNA PETRONE"
"CAMPANIA","CAMPANIA - U03","ITALEXIT PER L'ITALIA","GIOVANNI GOLINO"
"CAMPANIA","CAMPANIA - U03","MOVIMENTO 5 STELLE","FRANCESCO CASTIELLO"
"CAMPANIA","CAMPANIA - U03","FORZA ITALIA","ANTONIO IANNONE"
"CAMPANIA","CAMPANIA - U03","LEGA PER SALVINI PREMIER","ANTONIO IANNONE"
"CAMPANIA","CAMPANIA - U03","FRATELLI D'ITALIA CON GIORGIA MELONI","ANTONIO IANNONE"
"CAMPANIA","CAMPANIA - U03","NOI MODERATI/LUPI - TOTI - BRUGNARO - UDC","ANTONIO IANNONE"
"CAMPANIA","CAMPANIA - U03","MASTELLA NOI DI CENTRO EUROPEISTI","ANTONIO PIERRI"
"CAMPANIA","CAMPANIA - U03","AZIONE - ITALIA VIVA - CALENDA","LUIGI CASCIELLO"
"PUGLIA","PUGLIA - U01","FRATELLI D'ITALIA CON GIORGIA MELONI","ANNA MARIA FALLUCCHI"
"PUGLIA","PUGLIA - U01","NOI MODERATI/LUPI - TOTI - BRUGNARO - UDC","ANNA MARIA FALLUCCHI"
"PUGLIA","PUGLIA - U01","LEGA PER SALVINI PREMIER","ANNA MARIA FALLUCCHI"
"PUGLIA","PUGLIA - U01","FORZA ITALIA","ANNA MARIA FALLUCCHI"
"PUGLIA","PUGLIA - U01","AZIONE - ITALIA VIVA - CALENDA","LORENZO FRATTAROLO"
"PUGLIA","PUGLIA - U01","UNIONE POPOLARE CON DE MAGISTRIS","ELENA INCORONATA PALLARA"
"PUGLIA","PUGLIA - U01","MOVIMENTO 5 STELLE","GISELLA NATURALE"
"PUGLIA","PUGLIA - U01","ITALEXIT PER L'ITALIA","VALENTINA BRATTI"
"PUGLIA","PUGLIA - U01","+EUROPA","TERESA CICOLELLA"
"PUGLIA","PUGLIA - U01","PARTITO DEMOCRATICO - ITALIA DEMOCRATICA E PROGRESSISTA","TERESA CICOLELLA"
"PUGLIA","PUGLIA - U01","IMPEGNO CIVICO LUIGI DI MAIO - CENTRO DEMOCRATICO","TERESA CICOLELLA"
"PUGLIA","PUGLIA - U01","ALLEANZA VERDI E SINISTRA","TERESA CICOLELLA"
"PUGLIA","PUGLIA - U01","SUD CHIAMA NORD","COMINGIO ROSSI"
"PUGLIA","PUGLIA - U01","PARTITO COMUNISTA ITALIANO","VINCENZO SINISI"
"PUGLIA","PUGLIA - U01","VITA","PAOLA  ANGELA PATERA"
"PUGLIA","PUGLIA - U01","ITALIA SOVRANA E POPOLARE","COSIMO MASSARO"
"PUGLIA","PUGLIA - U01","ALTERNATIVA PER L'ITALIA - NO GREEN PASS","ANNA FORTUNATO"
"PUGLIA","PUGLIA - U02","FRATELLI D'ITALIA CON GIORGIA MELONI","FRANCESCO PAOLO SISTO"
"PUGLIA","PUGLIA - U02","NOI MODERATI/LUPI - TOTI - BRUGNARO - UDC","FRANCESCO PAOLO SISTO"
"PUGLIA","PUGLIA - U02","LEGA PER SALVINI PREMIER","FRANCESCO PAOLO SISTO"
"PUGLIA","PUGLIA - U02","FORZA ITALIA","FRANCESCO PAOLO SISTO"
"PUGLIA","PUGLIA - U02","AZIONE - ITALIA VIVA - CALENDA","STEFANIA D'ADDATO"
"PUGLIA","PUGLIA - U02","UNIONE POPOLARE CON DE MAGISTRIS","FRANCO BARTOLOMEI"
"PUGLIA","PUGLIA - U02","MOVIMENTO 5 STELLE","MICHELE CORATELLA"
"PUGLIA","PUGLIA - U02","ITALEXIT PER L'ITALIA","PASQUALE  SIMONE"
"PUGLIA","PUGLIA - U02","+EUROPA","DOMENICO LOMELO"
"PUGLIA","PUGLIA - U02","PARTITO DEMOCRATICO - ITALIA DEMOCRATICA E PROGRESSISTA","DOMENICO LOMELO"
"PUGLIA","PUGLIA - U02","IMPEGNO CIVICO LUIGI DI MAIO - CENTRO DEMOCRATICO","DOMENICO LOMELO"
"PUGLIA","PUGLIA - U02","ALLEANZA VERDI E SINISTRA","DOMENICO LOMELO"
"PUGLIA","PUGLIA - U02","SUD CHIAMA NORD","DEBORA GRAZIANO"
"PUGLIA","PUGLIA - U02","PARTITO COMUNISTA ITALIANO","ALESSANDRO MASSAFRA"
"PUGLIA","PUGLIA - U02","VITA","GIANCARLO VINCITORIO"
"PUGLIA","PUGLIA - U02","ITALIA SOVRANA E POPOLARE","NICOLA  DI GENNARO"
"PUGLIA","PUGLIA - U02","ALTERNATIVA PER L'ITALIA - NO GREEN PASS","TERESA TRITTO"
"PUGLIA","PUGLIA - U03","FRATELLI D'ITALIA CON GIORGIA MELONI","FILIPPO MELCHIORRE"
"PUGLIA","PUGLIA - U03","NOI MODERATI/LUPI - TOTI - BRUGNARO - UDC","FILIPPO MELCHIORRE"
"PUGLIA","PUGLIA - U03","LEGA PER SALVINI PREMIER","FILIPPO MELCHIORRE"
"PUGLIA","PUGLIA - U03","FORZA ITALIA","FILIPPO MELCHIORRE"
"PUGLIA","PUGLIA - U03","AZIONE - ITALIA VIVA - CALENDA","NUNZIA CINONE"
"PUGLIA","PUGLIA - U03","UNIONE POPOLARE CON DE MAGISTRIS","PATRIZIA ANGELA ROMANA CARLUCCI"
"PUGLIA","PUGLIA - U03","MOVIMENTO 5 STELLE","MARIA LA GHEZZA"
"PUGLIA","PUGLIA - U03","ITALEXIT PER L'ITALIA","CAMILLA CAMPANELLA"
"PUGLIA","PUGLIA - U03","+EUROPA","MICHELE NITTI"
"PUGLIA","PUGLIA - U03","PARTITO DEMOCRATICO - ITALIA DEMOCRATICA E PROGRESSISTA","MICHELE NITTI"
"PUGLIA","PUGLIA - U03","IMPEGNO CIVICO LUIGI DI MAIO - CENTRO DEMOCRATICO","MICHELE NITTI"
"PUGLIA","PUGLIA - U03","ALLEANZA VERDI E SINISTRA","MICHELE NITTI"
"PUGLIA","PUGLIA - U03","SUD CHIAMA NORD","LUCIA PARTIPILO"
"PUGLIA","PUGLIA - U03","PARTITO COMUNISTA ITALIANO","DONATA ALBERGO DETTA DONATELLA"
"PUGLIA","PUGLIA - U03","VITA","CARLO ZEULI"
"PUGLIA","PUGLIA - U03","ITALIA SOVRANA E POPOLARE","NICOLA SIGNORILE"
"PUGLIA","PUGLIA - U03","ALTERNATIVA PER L'ITALIA - NO GREEN PASS","BIAGIO CANTATORE"
"PUGLIA","PUGLIA - U04","FRATELLI D'ITALIA CON GIORGIA MELONI","VITA MARIA NOCCO"
"PUGLIA","PUGLIA - U04","NOI MODERATI/LUPI - TOTI - BRUGNARO - UDC","VITA MARIA NOCCO"
"PUGLIA","PUGLIA - U04","LEGA PER SALVINI PREMIER","VITA MARIA NOCCO"
"PUGLIA","PUGLIA - U04","FORZA ITALIA","VITA MARIA NOCCO"
"PUGLIA","PUGLIA - U04","AZIONE - ITALIA VIVA - CALENDA","NICOLA  BRUNI"
"PUGLIA","PUGLIA - U04","UNIONE POPOLARE CON DE MAGISTRIS","ANGELO LEO"
"PUGLIA","PUGLIA - U04","MOVIMENTO 5 STELLE","ROBERTO FUSCO"
"PUGLIA","PUGLIA - U04","ITALEXIT PER L'ITALIA","MICHELA DISTRATIS"
"PUGLIA","PUGLIA - U04","+EUROPA","MARIA GRAZIA CASCARANO"
"PUGLIA","PUGLIA - U04","PARTITO DEMOCRATICO - ITALIA DEMOCRATICA E PROGRESSISTA","MARIA GRAZIA CASCARANO"
"PUGLIA","PUGLIA - U04","IMPEGNO CIVICO LUIGI DI MAIO - CENTRO DEMOCRATICO","MARIA GRAZIA CASCARANO"
"PUGLIA","PUGLIA - U04","ALLEANZA VERDI E SINISTRA","MARIA GRAZIA CASCARANO"
"PUGLIA","PUGLIA - U04","SUD CHIAMA NORD","ERASMO GIOVE"
"PUGLIA","PUGLIA - U04","PARTITO COMUNISTA ITALIANO","GABRIELE ANNESE"
"PUGLIA","PUGLIA - U04","VITA","ALBERTO LAZZARO"
"PUGLIA","PUGLIA - U04","ITALIA SOVRANA E POPOLARE","ROSA MARGIOTTA"
"PUGLIA","PUGLIA - U04","ALTERNATIVA PER L'ITALIA - NO GREEN PASS","ALESSANDRO GENTILE"
"PUGLIA","PUGLIA - U05","FRATELLI D'ITALIA CON GIORGIA MELONI","ROBERTO MARTI"
"PUGLIA","PUGLIA - U05","NOI MODERATI/LUPI - TOTI - BRUGNARO - UDC","ROBERTO MARTI"
"PUGLIA","PUGLIA - U05","LEGA PER SALVINI PREMIER","ROBERTO MARTI"
"PUGLIA","PUGLIA - U05","FORZA ITALIA","ROBERTO MARTI"
"PUGLIA","PUGLIA - U05","AZIONE - ITALIA VIVA - CALENDA","ALFREDO PAGLIARO"
"PUGLIA","PUGLIA - U05","UNIONE POPOLARE CON DE MAGISTRIS","DUILIO COSIMO ROMANELLO"
"PUGLIA","PUGLIA - U05","MOVIMENTO 5 STELLE","ANTONIO SALVATORE TREVISI"
"PUGLIA","PUGLIA - U05","ITALEXIT PER L'ITALIA","RAFFAELE CESARIO"
"PUGLIA","PUGLIA - U05","+EUROPA","PIETRO LUIGI LOPALCO"
"PUGLIA","PUGLIA - U05","PARTITO DEMOCRATICO - ITALIA DEMOCRATICA E PROGRESSISTA","PIETRO LUIGI LOPALCO"
"PUGLIA","PUGLIA - U05","IMPEGNO CIVICO LUIGI DI MAIO - CENTRO DEMOCRATICO","PIETRO LUIGI LOPALCO"
"PUGLIA","PUGLIA - U05","ALLEANZA VERDI E SINISTRA","PIETRO LUIGI LOPALCO"
"PUGLIA","PUGLIA - U05","SUD CHIAMA NORD","ETTORE MARINELLI"
"PUGLIA","PUGLIA - U05","PARTITO COMUNISTA ITALIANO","ADA DONNO"
"PUGLIA","PUGLIA - U05","VITA","GIOVANNA SPINELLI"
"PUGLIA","PUGLIA - U05","ITALIA SOVRANA E POPOLARE","GRAZIA MAREMONTI"
"PUGLIA","PUGLIA - U05","ALTERNATIVA PER L'ITALIA - NO GREEN PASS","PASQUALINA IMPERIALE"
"BASILICATA","BASILICATA - U01","PARTITO DEMOCRATICO - ITALIA DEMOCRATICA E PROGRESSISTA","IGNAZIO PETRONE"
"BASILICATA","BASILICATA - U01","IMPEGNO CIVICO LUIGI DI MAIO - CENTRO DEMOCRATICO","IGNAZIO PETRONE"
"BASILICATA","BASILICATA - U01","ALLEANZA VERDI E SINISTRA","IGNAZIO PETRONE"
"BASILICATA","BASILICATA - U01","+EUROPA","IGNAZIO PETRONE"
"BASILICATA","BASILICATA - U01","PARTITO COMUNISTA ITALIANO","ANTONIO PALLOTTINO"
"BASILICATA","BASILICATA - U01","LEGA PER SALVINI PREMIER","MARIA ELISABETTA ALBERTI CASELLATI"
"BASILICATA","BASILICATA - U01","FRATELLI D'ITALIA CON GIORGIA MELONI","MARIA ELISABETTA ALBERTI CASELLATI"
"BASILICATA","BASILICATA - U01","NOI MODERATI/LUPI - TOTI - BRUGNARO - UDC","MARIA ELISABETTA ALBERTI CASELLATI"
"BASILICATA","BASILICATA - U01","FORZA ITALIA","MARIA ELISABETTA ALBERTI CASELLATI"
"BASILICATA","BASILICATA - U01","UNIONE POPOLARE CON DE MAGISTRIS","GIOVANNI COLANGELO"
"BASILICATA","BASILICATA - U01","AZIONE - ITALIA VIVA - CALENDA","MARIANGELA GUERRA"
"BASILICATA","BASILICATA - U01","ITALIA SOVRANA E POPOLARE","MICHELE SIGNA"
"BASILICATA","BASILICATA - U01","MOVIMENTO 5 STELLE","ANTONIO MATERDOMINI"
"BASILICATA","BASILICATA - U01","ITALEXIT PER L'ITALIA","ROBERTO ROBILOTTA"
"BASILICATA","BASILICATA - U01","MASTELLA NOI DI CENTRO EUROPEISTI","PIERGIUSEPPE ANTONIO PECORARO"
"CALABRIA","CALABRIA - U01","SUD CHIAMA NORD","ROSSELLA ANDOLFO"
"CALABRIA","CALABRIA - U01","ITALEXIT PER L'ITALIA","KATARZYNA EDYTA BELBOT"
"CALABRIA","CALABRIA - U01","FORZA DEL POPOLO","MORENA DE LUCA"
"CALABRIA","CALABRIA - U01","VITA","PALMA QUARTAROLO"
"CALABRIA","CALABRIA - U01","ITALIA SOVRANA E POPOLARE","LUCIO SESSA"
"CALABRIA","CALABRIA - U01","FRATELLI D'ITALIA CON GIORGIA MELONI","ERNESTO RAPANI"
"CALABRIA","CALABRIA - U01","FORZA ITALIA","ERNESTO RAPANI"
"CALABRIA","CALABRIA - U01","LEGA PER SALVINI PREMIER","ERNESTO RAPANI"
"CALABRIA","CALABRIA - U01","NOI MODERATI/LUPI - TOTI - BRUGNARO - UDC","ERNESTO RAPANI"
"CALABRIA","CALABRIA - U01","UNIONE POPOLARE CON DE MAGISTRIS","UGO VETERE"
"CALABRIA","CALABRIA - U01","PARTITO COMUNISTA ITALIANO","ANTONIO MANFREDI"
"CALABRIA","CALABRIA - U01","MASTELLA NOI DI CENTRO EUROPEISTI","VITA LENTINI"
"CALABRIA","CALABRIA - U01","PARTITO ANIMALISTA - UCDL - 10 VOLTE MEGLIO","VINCENZO CERULLO"
"CALABRIA","CALABRIA - U01","+EUROPA","FRANCESCA DORATO"
"CALABRIA","CALABRIA - U01","ALLEANZA VERDI E SINISTRA","FRANCESCA DORATO"
"CALABRIA","CALABRIA - U01","IMPEGNO CIVICO LUIGI DI MAIO - CENTRO DEMOCRATICO","FRANCESCA DORATO"
"CALABRIA","CALABRIA - U01","PARTITO DEMOCRATICO - ITALIA DEMOCRATICA E PROGRESSISTA","FRANCESCA DORATO"
"CALABRIA","CALABRIA - U01","ALTERNATIVA PER L'ITALIA - NO GREEN PASS","VINCENZO CHIARAMONTE"
"CALABRIA","CALABRIA - U01","MOVIMENTO 5 STELLE","MARIA SALADINO"
"CALABRIA","CALABRIA - U01","AZIONE - ITALIA VIVA - CALENDA","DANIELA FLAVIA VENTURA"
"CALABRIA","CALABRIA - U02","SUD CHIAMA NORD","ANTONINO BARTUCCIO"
"CALABRIA","CALABRIA - U02","ITALEXIT PER L'ITALIA","ERNESTO LAMANNA"
"CALABRIA","CALABRIA - U02","FORZA DEL POPOLO","ANTONIO GENNARO LA ROTONDA"
"CALABRIA","CALABRIA - U02","VITA","GIOVANNI GIANNUZZI"
"CALABRIA","CALABRIA - U02","ITALIA SOVRANA E POPOLARE","ANTONIA CONDEMI"
"CALABRIA","CALABRIA - U02","FRATELLI D'ITALIA CON GIORGIA MELONI","CLOTILDE MINASI"
"CALABRIA","CALABRIA - U02","FORZA ITALIA","CLOTILDE MINASI"
"CALABRIA","CALABRIA - U02","LEGA PER SALVINI PREMIER","CLOTILDE MINASI"
"CALABRIA","CALABRIA - U02","NOI MODERATI/LUPI - TOTI - BRUGNARO - UDC","CLOTILDE MINASI"
"CALABRIA","CALABRIA - U02","UNIONE POPOLARE CON DE MAGISTRIS","ANGELINA ANTONIETTA MARTINO"
"CALABRIA","CALABRIA - U02","PARTITO COMUNISTA ITALIANO","ROSA POLITANO'"
"CALABRIA","CALABRIA - U02","MASTELLA NOI DI CENTRO EUROPEISTI","DOMENICO PENDOLINO"
"CALABRIA","CALABRIA - U02","PARTITO ANIMALISTA - UCDL - 10 VOLTE MEGLIO","MARISA GRECO"
"CALABRIA","CALABRIA - U02","+EUROPA","FRANCESCO PITARO"
"CALABRIA","CALABRIA - U02","ALLEANZA VERDI E SINISTRA","FRANCESCO PITARO"
"CALABRIA","CALABRIA - U02","IMPEGNO CIVICO LUIGI DI MAIO - CENTRO DEMOCRATICO","FRANCESCO PITARO"
"CALABRIA","CALABRIA - U02","PARTITO DEMOCRATICO - ITALIA DEMOCRATICA E PROGRESSISTA","FRANCESCO PITARO"
"CALABRIA","CALABRIA - U02","ALTERNATIVA PER L'ITALIA - NO GREEN PASS","ANTONELLA PERISSINOTTI BISONI"
"CALABRIA","CALABRIA - U02","MOVIMENTO 5 STELLE","GIUSEPPE AUDDINO"
"CALABRIA","CALABRIA - U02","AZIONE - ITALIA VIVA - CALENDA","AGOSTINO SIVIGLIA"
"SICILIA","SICILIA - U01","LEGA PER SALVINI PREMIER","MARIO BARBUTO"
"SICILIA","SICILIA - U01","FRATELLI D'ITALIA CON GIORGIA MELONI","MARIO BARBUTO"
"SICILIA","SICILIA - U01","NOI MODERATI/LUPI - TOTI - BRUGNARO - UDC","MARIO BARBUTO"
"SICILIA","SICILIA - U01","FORZA ITALIA","MARIO BARBUTO"
"SICILIA","SICILIA - U01","MOVIMENTO 5 STELLE","DOLORES BEVILACQUA"
"SICILIA","SICILIA - U01","ALLEANZA VERDI E SINISTRA","ANTONINO TERMINELLI"
"SICILIA","SICILIA - U01","+EUROPA","ANTONINO TERMINELLI"
"SICILIA","SICILIA - U01","PARTITO DEMOCRATICO - ITALIA DEMOCRATICA E PROGRESSISTA","ANTONINO TERMINELLI"
"SICILIA","SICILIA - U01","IMPEGNO CIVICO LUIGI DI MAIO - CENTRO DEMOCRATICO","ANTONINO TERMINELLI"
"SICILIA","SICILIA - U01","AZIONE - ITALIA VIVA - CALENDA","GIUSEPPA PROVINO"
"SICILIA","SICILIA - U01","SUD CHIAMA NORD","ANTONELLA PANZECA"
"SICILIA","SICILIA - U01","UNIONE POPOLARE CON DE MAGISTRIS","GIOVANNI MANISCALCO"
"SICILIA","SICILIA - U01","VITA","ALESSANDRO BUONOCUNTO"
"SICILIA","SICILIA - U01","ITALEXIT PER L'ITALIA","RICCARDO SANTANGELO"
"SICILIA","SICILIA - U01","ITALIA SOVRANA E POPOLARE","ANDREA ODDO"
"SICILIA","SICILIA - U02","LEGA PER SALVINI PREMIER","RAOUL RUSSO"
"SICILIA","SICILIA - U02","FRATELLI D'ITALIA CON GIORGIA MELONI","RAOUL RUSSO"
"SICILIA","SICILIA - U02","NOI MODERATI/LUPI - TOTI - BRUGNARO - UDC","RAOUL RUSSO"
"SICILIA","SICILIA - U02","FORZA ITALIA","RAOUL RUSSO"
"SICILIA","SICILIA - U02","MOVIMENTO 5 STELLE","GIUSEPPE CHIAZZESE"
"SICILIA","SICILIA - U02","ALLEANZA VERDI E SINISTRA","STEFANIA MARASCIA"
"SICILIA","SICILIA - U02","+EUROPA","STEFANIA MARASCIA"
"SICILIA","SICILIA - U02","PARTITO DEMOCRATICO - ITALIA DEMOCRATICA E PROGRESSISTA","STEFANIA MARASCIA"
"SICILIA","SICILIA - U02","IMPEGNO CIVICO LUIGI DI MAIO - CENTRO DEMOCRATICO","STEFANIA MARASCIA"
"SICILIA","SICILIA - U02","AZIONE - ITALIA VIVA - CALENDA","GIOVANNI BAVETTA"
"SICILIA","SICILIA - U02","SUD CHIAMA NORD","TOMMASO GARGANO"
"SICILIA","SICILIA - U02","UNIONE POPOLARE CON DE MAGISTRIS","SUSANNA CARACCI"
"SICILIA","SICILIA - U02","VITA","KAREN TONA"
"SICILIA","SICILIA - U02","ITALEXIT PER L'ITALIA","GIULIANA MARIA FUNDARO'"
"SICILIA","SICILIA - U02","ITALIA SOVRANA E POPOLARE","NUNZIATINA DI PAOLA"
"SICILIA","SICILIA - U03","LEGA PER SALVINI PREMIER","STEFANIA GABRIELLA ANASTASIA CRAXI"
"SICILIA","SICILIA - U03","FRATELLI D'ITALIA CON GIORGIA MELONI","STEFANIA GABRIELLA ANASTASIA CRAXI"
"SICILIA","SICILIA - U03","NOI MODERATI/LUPI - TOTI - BRUGNARO - UDC","STEFANIA GABRIELLA ANASTASIA CRAXI"
"SICILIA","SICILIA - U03","FORZA ITALIA","STEFANIA GABRIELLA ANASTASIA CRAXI"
"SICILIA","SICILIA - U03","MOVIMENTO 5 STELLE","PIETRO LOREFICE"
"SICILIA","SICILIA - U03","ALLEANZA VERDI E SINISTRA","MARINA CALOGERA CASTIGLIONE"
"SICILIA","SICILIA - U03","+EUROPA","MARINA CALOGERA CASTIGLIONE"
"SICILIA","SICILIA - U03","PARTITO DEMOCRATICO - ITALIA DEMOCRATICA E PROGRESSISTA","MARINA CALOGERA CASTIGLIONE"
"SICILIA","SICILIA - U03","IMPEGNO CIVICO LUIGI DI MAIO - CENTRO DEMOCRATICO","MARINA CALOGERA CASTIGLIONE"
"SICILIA","SICILIA - U03","AZIONE - ITALIA VIVA - CALENDA","MICHELE TERMINI"
"SICILIA","SICILIA - U03","SUD CHIAMA NORD","MARZIA MANISCALCO"
"SICILIA","SICILIA - U03","UNIONE POPOLARE CON DE MAGISTRIS","NICOLA PULEO"
"SICILIA","SICILIA - U03","VITA","ROBERTO MANZONE"
"SICILIA","SICILIA - U03","ITALEXIT PER L'ITALIA","MARIA CATERINA SCIACCA"
"SICILIA","SICILIA - U03","ITALIA SOVRANA E POPOLARE","MARIA FRANCESCA  MOSCA"
"SICILIA","SICILIA - U04","LEGA PER SALVINI PREMIER","SEBASTIANO MUSUMECI DETTO NELLO"
"SICILIA","SICILIA - U04","FRATELLI D'ITALIA CON GIORGIA MELONI","SEBASTIANO MUSUMECI DETTO NELLO"
"SICILIA","SICILIA - U04","NOI MODERATI/LUPI - TOTI - BRUGNARO - UDC","SEBASTIANO MUSUMECI DETTO NELLO"
"SICILIA","SICILIA - U04","FORZA ITALIA","SEBASTIANO MUSUMECI DETTO NELLO"
"SICILIA","SICILIA - U04","MOVIMENTO 5 STELLE","GIUSEPPINA RANNONE"
"SICILIA","SICILIA - U04","ALLEANZA VERDI E SINISTRA","ORAZIO ERMANNO ARANCIO"
"SICILIA","SICILIA - U04","+EUROPA","ORAZIO ERMANNO ARANCIO"
"SICILIA","SICILIA - U04","PARTITO DEMOCRATICO - ITALIA DEMOCRATICA E PROGRESSISTA","ORAZIO ERMANNO ARANCIO"
"SICILIA","SICILIA - U04","IMPEGNO CIVICO LUIGI DI MAIO - CENTRO DEMOCRATICO","ORAZIO ERMANNO ARANCIO"
"SICILIA","SICILIA - U04","AZIONE - ITALIA VIVA - CALENDA","TIZIANA D'ANNA"
"SICILIA","SICILIA - U04","SUD CHIAMA NORD","CATENO DE LUCA"
"SICILIA","SICILIA - U04","UNIONE POPOLARE CON DE MAGISTRIS","GOFFREDO D'ANTONA"
"SICILIA","SICILIA - U04","ALTERNATIVA PER L'ITALIA - NO GREEN PASS","GIANFRANCO DI BARTOLO"
"SICILIA","SICILIA - U04","VITA","NICOLETTA RE"
"SICILIA","SICILIA - U04","ITALEXIT PER L'ITALIA","NUNZIA ALESSANDRA SCHILIRO'"
"SICILIA","SICILIA - U04","ITALIA SOVRANA E POPOLARE","MARILENA GIORDANO"
"SICILIA","SICILIA - U05","LEGA PER SALVINI PREMIER","SALVATORE SALLEMI"
"SICILIA","SICILIA - U05","FRATELLI D'ITALIA CON GIORGIA MELONI","SALVATORE SALLEMI"
"SICILIA","SICILIA - U05","NOI MODERATI/LUPI - TOTI - BRUGNARO - UDC","SALVATORE SALLEMI"
"SICILIA","SICILIA - U05","FORZA ITALIA","SALVATORE SALLEMI"
"SICILIA","SICILIA - U05","MOVIMENTO 5 STELLE","GIUSEPPE PISANI"
"SICILIA","SICILIA - U05","ALLEANZA VERDI E SINISTRA","PAOLO AMENTA"
"SICILIA","SICILIA - U05","+EUROPA","PAOLO AMENTA"
"SICILIA","SICILIA - U05","PARTITO DEMOCRATICO - ITALIA DEMOCRATICA E PROGRESSISTA","PAOLO AMENTA"
"SICILIA","SICILIA - U05","IMPEGNO CIVICO LUIGI DI MAIO - CENTRO DEMOCRATICO","PAOLO AMENTA"
"SICILIA","SICILIA - U05","AZIONE - ITALIA VIVA - CALENDA","MARIANNA BUSCEMA"
"SICILIA","SICILIA - U05","SUD CHIAMA NORD","ANTONIO GUASTELLA"
"SICILIA","SICILIA - U05","UNIONE POPOLARE CON DE MAGISTRIS","GIORGIO PICCIONE"
"SICILIA","SICILIA - U05","ALTERNATIVA PER L'ITALIA - NO GREEN PASS","GIULIO MORELLO"
"SICILIA","SICILIA - U05","VITA","ANGELO SCAGLIONE"
"SICILIA","SICILIA - U05","ITALEXIT PER L'ITALIA","EMANUELE CAVALLO"
"SICILIA","SICILIA - U05","ITALIA SOVRANA E POPOLARE","GIOVANNI ARMANDO ZERO"
"SICILIA","SICILIA - U06","LEGA PER SALVINI PREMIER","CARMELA BUCALO"
"SICILIA","SICILIA - U06","FRATELLI D'ITALIA CON GIORGIA MELONI","CARMELA BUCALO"
"SICILIA","SICILIA - U06","NOI MODERATI/LUPI - TOTI - BRUGNARO - UDC","CARMELA BUCALO"
"SICILIA","SICILIA - U06","FORZA ITALIA","CARMELA BUCALO"
"SICILIA","SICILIA - U06","MOVIMENTO 5 STELLE","BARBARA FLORIDIA"
"SICILIA","SICILIA - U06","ALLEANZA VERDI E SINISTRA","ANTONIA RUSSO"
"SICILIA","SICILIA - U06","+EUROPA","ANTONIA RUSSO"
"SICILIA","SICILIA - U06","PARTITO DEMOCRATICO - ITALIA DEMOCRATICA E PROGRESSISTA","ANTONIA RUSSO"
"SICILIA","SICILIA - U06","IMPEGNO CIVICO LUIGI DI MAIO - CENTRO DEMOCRATICO","ANTONIA RUSSO"
"SICILIA","SICILIA - U06","AZIONE - ITALIA VIVA - CALENDA","EMILIANO LAZZARA PAPINA"
"SICILIA","SICILIA - U06","SUD CHIAMA NORD","DAFNE MUSOLINO"
"SICILIA","SICILIA - U06","UNIONE POPOLARE CON DE MAGISTRIS","DOLORES DESSI' DETTA DORIS"
"SICILIA","SICILIA - U06","ALTERNATIVA PER L'ITALIA - NO GREEN PASS","ENZA LO PRESTI"
"SICILIA","SICILIA - U06","VITA","CARLA BONANNO"
"SICILIA","SICILIA - U06","ITALEXIT PER L'ITALIA","GIUSEPPE SOTTILE"
"SICILIA","SICILIA - U06","ITALIA SOVRANA E POPOLARE","RENZO IOPPOLO"
"SARDEGNA","SARDEGNA - U01","FORZA ITALIA","ANTONELLA ZEDDA"
"SARDEGNA","SARDEGNA - U01","LEGA PER SALVINI PREMIER","ANTONELLA ZEDDA"
"SARDEGNA","SARDEGNA - U01","NOI MODERATI/LUPI - TOTI - BRUGNARO - UDC","ANTONELLA ZEDDA"
"SARDEGNA","SARDEGNA - U01","FRATELLI D'ITALIA CON GIORGIA MELONI","ANTONELLA ZEDDA"
"SARDEGNA","SARDEGNA - U01","UNIONE POPOLARE CON DE MAGISTRIS","GIOVANNI FANCELLO"
"SARDEGNA","SARDEGNA - U01","ITALIA SOVRANA E POPOLARE","NICOLA DI CESARE"
"SARDEGNA","SARDEGNA - U01","ITALEXIT PER L'ITALIA","ANTONELLA ATZEI "
"SARDEGNA","SARDEGNA - U01","VITA","MARIA LUISA BUSINCO"
"SARDEGNA","SARDEGNA - U01","MOVIMENTO 5 STELLE","SABRINA LICHERI"
"SARDEGNA","SARDEGNA - U01","AZIONE - ITALIA VIVA - CALENDA","CLAUDIA MEDDA"
"SARDEGNA","SARDEGNA - U01","PARTITO DEMOCRATICO - ITALIA DEMOCRATICA E PROGRESSISTA","MARIA  DEL ZOMPO"
"SARDEGNA","SARDEGNA - U01","IMPEGNO CIVICO LUIGI DI MAIO - CENTRO DEMOCRATICO","MARIA  DEL ZOMPO"
"SARDEGNA","SARDEGNA - U01","+EUROPA","MARIA  DEL ZOMPO"
"SARDEGNA","SARDEGNA - U01","ALLEANZA VERDI E SINISTRA","MARIA  DEL ZOMPO"
"SARDEGNA","SARDEGNA - U02","FORZA ITALIA","MARCELLO PERA"
"SARDEGNA","SARDEGNA - U02","LEGA PER SALVINI PREMIER","MARCELLO PERA"
"SARDEGNA","SARDEGNA - U02","NOI MODERATI/LUPI - TOTI - BRUGNARO - UDC","MARCELLO PERA"
"SARDEGNA","SARDEGNA - U02","FRATELLI D'ITALIA CON GIORGIA MELONI","MARCELLO PERA"
"SARDEGNA","SARDEGNA - U02","UNIONE POPOLARE CON DE MAGISTRIS","LUCIA BROCCA"
"SARDEGNA","SARDEGNA - U02","ITALIA SOVRANA E POPOLARE","PATRIZIA PIRAS"
"SARDEGNA","SARDEGNA - U02","ITALEXIT PER L'ITALIA","GAVINO FONNESU"
"SARDEGNA","SARDEGNA - U02","VITA","ALESSANDRO GOFFI"
"SARDEGNA","SARDEGNA - U02","MOVIMENTO 5 STELLE","MARCELLO CHERCHI"
"SARDEGNA","SARDEGNA - U02","AZIONE - ITALIA VIVA - CALENDA","ANTIOCO VALERIO  ZOCCHEDDU"
"SARDEGNA","SARDEGNA - U02","PARTITO DEMOCRATICO - ITALIA DEMOCRATICA E PROGRESSISTA","GAVINO MANCA"
"SARDEGNA","SARDEGNA - U02","IMPEGNO CIVICO LUIGI DI MAIO - CENTRO DEMOCRATICO","GAVINO MANCA"
"SARDEGNA","SARDEGNA - U02","+EUROPA","GAVINO MANCA"
"SARDEGNA","SARDEGNA - U02","ALLEANZA VERDI E SINISTRA","GAVINO MANCA"
